time,follower_x,follower_y,follower_z,tag_x,tag_y,tag_z,set_x,set_y,set_z,distance
0.072,0.48186054825782776,3.4489171504974365,-1.3132319450378418,4.202015399932861,3.279191017150879,0.38106629252433777,0,0,1.2,3.7240245811194725
0.171,0.4586080014705658,3.4506325721740723,-1.3210501670837402,4.205343723297119,3.2713468074798584,0.3831648528575897,0,0,1.2,3.7510227878050983
0.275,0.45312222838401794,3.4518630504608154,-1.3944647312164307,4.21220588684082,3.2832558155059814,0.36301466822624207,0,0,1.2,3.762863052378613
0.374,0.4555055499076843,3.452845811843872,-1.3966785669326782,4.215950965881348,3.278778076171875,0.3766416609287262,0,0,1.2,3.7644719819809143
0.478,0.4687312841415405,3.458393096923828,-1.3748036623001099,4.214976787567139,3.28073787689209,0.3853147327899933,0,0,1.2,3.750455538883382
0.572,0.4782813489437103,3.445371389389038,-1.385957956314087,4.219367027282715,3.2807860374450684,0.4008602499961853,0,0,1.2,3.7447043128593918
0.681,0.4819212257862091,3.447713851928711,-1.358825922012329,4.212497234344482,3.269993305206299,0.421170175075531,0,0,1.2,3.7348068153999465
0.807,0.4917474389076233,3.4406449794769287,-1.2915219068527222,4.215681076049805,3.2711985111236572,0.41869738698005676,0,0,1.2,3.7277867212967526
0.872,0.4949219524860382,3.467334508895874,-1.29618239402771,4.2118239402771,3.267418384552002,0.425536185503006,0,0,1.2,3.722274418096793
0.972,0.5200629234313965,3.487091064453125,-1.2728476524353027,4.217120170593262,3.2675538063049316,0.42010757327079773,0,0,1.2,3.703569750457968
1.072,0.545371413230896,3.4916746616363525,-1.2516918182373047,4.2117462158203125,3.274104356765747,0.43267831206321716,0,0,1.2,3.6728246664691295
1.176,0.562439501285553,3.4902350902557373,-1.2205431461334229,4.2134504318237305,3.2612369060516357,0.4429357945919037,0,0,1.2,3.658185476883044
1.272,0.5718356966972351,3.4940099716186523,-1.1748929023742676,4.2033491134643555,3.2522666454315186,0.4619336426258087,0,0,1.2,3.6395507321530256
1.393,0.5734795928001404,3.4933042526245117,-1.1266453266143799,4.199127197265625,3.2473502159118652,0.4731847047805786,0,0,1.2,3.633980453984522
1.489,0.5623682141304016,3.4776611328125,-1.1116364002227783,4.196672439575195,3.2391622066497803,0.4787130057811737,0,0,1.2,3.6421214890317226
1.573,0.5220999717712402,3.4585721492767334,-1.0463124513626099,4.187514781951904,3.242844581604004,0.4875100553035736,0,0,1.2,3.6717576328164343
1.67,0.48925986886024475,3.4752464294433594,-1.010469913482666,4.190181732177734,3.245187520980835,0.48227158188819885,0,0,1.2,3.708065498308298
1.771,0.4632338285446167,3.481722831726074,-0.8921703100204468,4.181812763214111,3.254443645477295,0.4766077399253845,0,0,1.2,3.725518101132998
1.871,0.44995132088661194,3.496502161026001,-0.7326368093490601,4.18226432800293,3.26609468460083,0.4725923538208008,0,0,1.2,3.7394181349886866
1.991,0.4459157884120941,3.5205254554748535,-0.5740996599197388,4.178110122680664,3.278575897216797,0.4563644528388977,0,0,1.2,3.7400286278968085
2.071,0.45960864424705505,3.526881694793701,-0.4013654291629791,4.170546054840088,3.278014659881592,0.4572257995605469,0,0,1.2,3.71927294862919
2.173,0.4751628041267395,3.525289535522461,-0.21250033378601074,4.161477088928223,3.2728829383850098,0.4557730555534363,0,0,1.2,3.694945479517929
2.274,0.5134314894676208,3.5180399417877197,0.0047706738114356995,4.1447672843933105,3.2557520866394043,0.45298323035240173,0,0,1.2,3.640795871024204
2.371,0.5469059944152832,3.5069093704223633,0.17436084151268005,4.1475043296813965,3.2428486347198486,0.4475310444831848,0,0,1.2,3.6102681955861478
2.473,0.5657698512077332,3.489046335220337,0.3770867586135864,4.129410266876221,3.228677749633789,0.44984370470046997,0,0,1.2,3.5731393497240225
2.581,0.586615800857544,3.4688100814819336,0.5406852960586548,4.128872394561768,3.2346842288970947,0.44816699624061584,0,0,1.2,3.5499854493349163
2.677,0.5947813391685486,3.445661783218384,0.7021731734275818,4.1238813400268555,3.23868465423584,0.46558448672294617,0,0,1.2,3.535164260395825
2.774,0.5677416324615479,3.422455310821533,0.8741875290870667,4.1087751388549805,3.2198140621185303,0.46929919719696045,0,0,1.2,3.546827000161818
2.88,0.5345772504806519,3.4150054454803467,1.005354881286621,4.118852138519287,3.2167975902557373,0.46943923830986023,0,0,1.2,3.5897510814675035
2.981,0.4886389672756195,3.4063401222229004,1.1433769464492798,4.105704307556152,3.2083520889282227,0.4801485538482666,0,0,1.2,3.622479942965402
3.069,0.45276588201522827,3.3815369606018066,1.292175531387329,4.115904331207275,3.2228047847747803,0.46275103092193604,0,0,1.2,3.6665759506100373
3.17,0.42268043756484985,3.382598638534546,1.3583588600158691,4.126294136047363,3.2261037826538086,0.46351319551467896,0,0,1.2,3.706918540716056
3.27,0.38524842262268066,3.373415231704712,1.4019520282745361,4.138073921203613,3.2291696071624756,0.4856047034263611,0,0,1.2,3.755596626769015
3.369,0.38013699650764465,3.362936019897461,1.4252772331237793,4.1522016525268555,3.2317018508911133,0.49476921558380127,0,0,1.2,3.7743468542655316
3.471,0.3674375116825104,3.3663737773895264,1.4388359785079956,4.165718078613281,3.2287397384643555,0.4856477677822113,0,0,1.2,3.8007733941652972
3.569,0.36755529046058655,3.3623616695404053,1.4501179456710815,4.1773834228515625,3.2241241931915283,0.48752331733703613,0,0,1.2,3.8123352421088335
3.67,0.3979857563972473,3.3572168350219727,1.4646081924438477,4.192566394805908,3.218135356903076,0.4906028211116791,0,0,1.2,3.797128636080376
3.77,0.40839099884033203,3.362654209136963,1.4648528099060059,4.196346282958984,3.2128376960754395,0.4825381934642792,0,0,1.2,3.7909168049521127
3.868,0.4148925542831421,3.3377835750579834,1.4904502630233765,4.197031021118164,3.2187352180480957,0.49045348167419434,0,0,1.2,3.78401161383259
3.972,0.44558778405189514,3.3233070373535156,1.5025722980499268,4.21136999130249,3.2282168865203857,0.4615563154220581,0,0,1.2,3.7669825814875533
4.071,0.452769935131073,3.3172266483306885,1.5073786973953247,4.216905117034912,3.2484869956970215,0.46311211585998535,0,0,1.2,3.7647627823663
4.175,0.4794121980667114,3.318093776702881,1.4906997680664062,4.220221996307373,3.2456963062286377,0.457722544670105,0,0,1.2,3.7415103020497495
4.27,0.4806016981601715,3.3346290588378906,1.4594100713729858,4.239538192749023,3.247711181640625,0.44523364305496216,0,0,1.2,3.759941261207202
4.369,0.4665733873844147,3.3681139945983887,1.44033944606781,4.228848457336426,3.262432098388672,0.4554242193698883,0,0,1.2,3.763759073741157
4.468,0.46359017491340637,3.39730167388916,1.419140100479126,4.225780963897705,3.2693722248077393,0.4429561495780945,0,0,1.2,3.764365215632056
4.568,0.45447972416877747,3.419670343399048,1.3791487216949463,4.226318836212158,3.2777602672576904,0.4272496700286865,0,0,1.2,3.774507750270311
4.67,0.4436075985431671,3.444042444229126,1.334069848060608,4.207959175109863,3.2787563800811768,0.44249171018600464,0,0,1.2,3.7679785396153322
4.769,0.4335823655128479,3.455003023147583,1.2940930128097534,4.206072807312012,3.2842447757720947,0.4403088688850403,0,0,1.2,3.7763530704255923
4.869,0.4533272385597229,3.463365077972412,1.2585138082504272,4.1932830810546875,3.2864251136779785,0.4356737732887268,0,0,1.2,3.7441390805867156
5.048,0.4548707604408264,3.469003200531006,1.2485582828521729,4.174689769744873,3.294403314590454,0.4348851442337036,0.8529312388705972,3.4455706143517557,1.2,3.723914416598506
5.07,0.4689261317253113,3.4631259441375732,1.2455487251281738,4.174689769744873,3.294403314590454,0.4348851442337036,0.8529312388705972,3.4455706143517557,1.2,3.709602602245862
5.171,0.4810979664325714,3.459409236907959,1.2578716278076172,4.172272682189941,3.2949962615966797,0.4553466737270355,0.8685121828862657,3.444932876293058,1.2,3.694834557689587
5.31,0.5052880048751831,3.4404847621917725,1.2581623792648315,4.167497634887695,3.2927162647247314,0.4512907564640045,0.880689652347808,3.4413403535052995,1.2,3.665189613512519
5.37,0.5056926012039185,3.433281421661377,1.2697962522506714,4.1740288734436035,3.2988414764404297,0.4375230669975281,0.880689652347808,3.4413403535052995,1.2,3.670798973670495
5.468,0.5321288704872131,3.43861722946167,1.2712301015853882,4.1653618812561035,3.295686960220337,0.4358021914958954,0.9054242453011874,3.4186317558872235,1.2,3.6360433402816
5.567,0.5701848864555359,3.4439620971679688,1.2780652046203613,4.168783664703369,3.2915568351745605,0.40523743629455566,0.9318197070092562,3.4228935148779747,1.2,3.6018246113171695
5.669,0.6308968663215637,3.451200246810913,1.2884951829910278,4.164233207702637,3.2788312435150146,0.4071904718875885,0.9698266421302348,3.427036757548206,1.2,3.5375382364889583
5.768,0.7081621885299683,3.4606354236602783,1.3152296543121338,4.158791542053223,3.2740895748138428,0.4208737015724182,1.030421745508503,3.4317099694742104,1.2,3.455668139320984
5.868,0.7844101190567017,3.4536221027374268,1.3359757661819458,4.157410621643066,3.2663638591766357,0.41284796595573425,1.1075789397231288,3.4390423954729026,1.2,3.3781944941387465
5.967,0.8653132915496826,3.4337966442108154,1.3503433465957642,4.155738830566406,3.26310658454895,0.4181287884712219,1.1837951169824998,3.43144951985202,1.2,3.294849818167873
6.068,0.9344080090522766,3.4188244342803955,1.3607524633407593,4.159407138824463,3.2525854110717773,0.411152184009552,1.2647761770351753,3.4130745999196703,1.2,3.2292808487136444
6.172,0.97130286693573,3.3938393592834473,1.393850564956665,4.147899627685547,3.2363102436065674,0.43593668937683105,1.3338776471367852,3.3982329737049133,1.2,3.1805003384203827
6.267,1.00796377658844,3.373837471008301,1.4022529125213623,4.148463726043701,3.2252070903778076,0.4412129819393158,1.3708119281204234,3.374027493361104,1.2,3.144015095793095
6.367,1.0531175136566162,3.359598398208618,1.3982295989990234,4.1485209465026855,3.21976637840271,0.45981380343437195,1.4075165590998806,3.3549278441646675,1.2,3.098560214976987
6.468,1.110159993171692,3.362537384033203,1.3581057786941528,4.157754421234131,3.212702989578247,0.46627843379974365,1.4527099976605533,3.341547173109938,1.2,3.0512754945627094
6.57,1.1674586534500122,3.3791697025299072,1.3209712505340576,4.157590389251709,3.2027885913848877,0.46136417984962463,1.5096774321565585,3.3428951859135045,1.2,2.995329379854112
6.672,1.214135766029358,3.4050824642181396,1.2767035961151123,4.153099536895752,3.1984379291534424,0.4700300693511963,1.5667645536174697,3.355615550211125,1.2,2.946219613392274
6.773,1.2710460424423218,3.4464757442474365,1.2399810552597046,4.1515278816223145,3.1918489933013916,0.48451077938079834,1.6131506605751822,3.3770269134200417,1.2,2.891714095159321
6.873,1.3141491413116455,3.4799129962921143,1.213304042816162,4.153253555297852,3.196239709854126,0.4821178913116455,1.6694923264649184,3.411254177720886,1.2,2.853241035551411
6.969,1.3501795530319214,3.4985976219177246,1.1961183547973633,4.147223472595215,3.1932287216186523,0.4890235662460327,1.7121673078262776,3.440144426738625,1.2,2.813663955278927
7.076,1.3925995826721191,3.4997525215148926,1.210834264755249,4.156199932098389,3.198848009109497,0.4796081781387329,1.747816792449308,3.4551853445238807,1.2,2.7799335274309938
7.168,1.4177627563476562,3.494243621826172,1.230499267578125,4.155581951141357,3.211214780807495,0.4775988757610321,1.7902494289229656,3.4564558729531596,1.2,2.752409720268624
7.268,1.4430238008499146,3.482001304626465,1.273819923400879,4.142693042755127,3.211343765258789,0.47303444147109985,1.815642356122722,3.453111832625681,1.2,2.713202815733765
7.367,1.4640579223632812,3.478032350540161,1.3095520734786987,4.141329765319824,3.2148358821868896,0.4783550798892975,1.8410285834264222,3.4420990108800273,1.2,2.690177856953246
7.486,1.5031943321228027,3.475700855255127,1.3416653871536255,4.142521858215332,3.2170701026916504,0.47466275095939636,1.8621389393542813,3.438897916707395,1.2,2.6519690149323503
7.567,1.556551456451416,3.478409767150879,1.3633332252502441,4.148755073547363,3.219015121459961,0.4690949022769928,1.901287599612937,3.436691236197406,1.2,2.6051497413197633
7.666,1.6229114532470703,3.4659252166748047,1.372977375984192,4.151151657104492,3.222818613052368,0.48401209712028503,1.9545636821567596,3.4385817846627003,1.2,2.5399014447662838
7.768,1.6719671487808228,3.4623026847839355,1.3867610692977905,4.156394958496094,3.228985548019409,0.46917596459388733,2.0210749660978715,3.4276392266221776,1.2,2.495359378525389
7.867,1.7304580211639404,3.446502447128296,1.3929475545883179,4.158344268798828,3.2284622192382812,0.4585944414138794,2.070214845059893,3.4249025188964226,1.2,2.437657312345799
7.971,1.7925732135772705,3.4283511638641357,1.3924963474273682,4.161773204803467,3.2340495586395264,0.4528801441192627,2.1288546678687212,3.4107237957508896,1.2,2.377154120417746
8.067,1.8422201871871948,3.419100284576416,1.3843740224838257,4.160906791687012,3.2343733310699463,0.450703889131546,2.191234784718455,3.39565633712897,1.2,2.3260334514444696
8.169,1.893918514251709,3.4051549434661865,1.3748083114624023,4.156189441680908,3.221896171569824,0.45319023728370667,2.2409567750999626,3.3873334235466652,1.2,2.2696813711550643
8.269,1.9613921642303467,3.3943958282470703,1.349760890007019,4.154858112335205,3.2245237827301025,0.45526495575904846,2.292612525874654,3.3728581155104456,1.2,2.2000339491343457
8.367,2.0328502655029297,3.38248610496521,1.3248279094696045,4.1548638343811035,3.2117719650268555,0.4617585241794586,2.360198000652631,3.3635104783943905,1.2,2.1288693957305074
8.467,2.094043493270874,3.382807493209839,1.3161017894744873,4.159918785095215,3.2106966972351074,0.4579894244670868,2.4315621025247625,3.350410085594416,1.2,2.0730322832655936
8.567,2.1621341705322266,3.3771746158599854,1.3031330108642578,4.171172142028809,3.219503879547119,0.45554277300834656,2.492662522699595,3.3495980159886525,1.2,2.0152155299134984
8.666,2.2209761142730713,3.3737235069274902,1.3019204139709473,4.163064002990723,3.220285415649414,0.460212767124176,2.560907987362195,3.3458785616221274,1.2,1.9481397833212184
8.769,2.26849102973938,3.360200881958008,1.3048382997512817,4.163152694702148,3.214348554611206,0.4727490544319153,2.6197335146084315,3.342218972685806,1.2,1.900267277535444
8.865,2.3156485557556152,3.3497655391693115,1.302721381187439,4.170695781707764,3.219698190689087,0.4809536635875702,2.6673110667649196,3.329499447676412,1.2,1.8596014964646155
8.967,2.374790906906128,3.336585521697998,1.3126332759857178,4.169553279876709,3.215886354446411,0.4990076422691345,2.714668932858747,3.321788072227603,1.2,1.7988163509391997
9.066,2.4091384410858154,3.3342323303222656,1.3298841714859009,4.145756721496582,3.2142515182495117,0.5133988261222839,2.7738894301174604,3.3097458352144797,1.2,1.7407580093518127
9.166,2.455078363418579,3.3245699405670166,1.3407362699508667,4.140703201293945,3.225799798965454,0.5130660533905029,2.808187193659394,3.306662544877492,1.2,1.6885161044344077
9.269,2.4985389709472656,3.3171818256378174,1.3413045406341553,4.14389181137085,3.22027325630188,0.5215585231781006,2.854393438578017,3.3011718476871987,1.2,1.6482042471431428
9.368,2.548814058303833,3.3149635791778564,1.3393876552581787,4.145421028137207,3.217288017272949,0.5361124873161316,2.8978469677020366,3.2936632430340143,1.2,1.5995919265593797
9.478,2.5927891731262207,3.3099961280822754,1.3390196561813354,4.14658260345459,3.2063870429992676,0.5531752705574036,2.9480676287485337,3.2905384591749063,1.2,1.5572439971447436
9.566,2.628754138946533,3.3230321407318115,1.3429429531097412,4.143189430236816,3.209122896194458,0.547463595867157,2.991902846558849,3.283382678867386,1.2,1.5187131287694051
9.666,2.67783260345459,3.3295373916625977,1.3529654741287231,4.1275458335876465,3.2213828563690186,0.557805061340332,3.0276274383476944,3.293030623689642,1.2,1.4537420173907718
9.766,2.7156686782836914,3.33913254737854,1.3642674684524536,4.124570369720459,3.2117037773132324,0.564580500125885,3.0767240746483724,3.2997784567209774,1.2,1.4146526314165402
9.864,2.7516207695007324,3.3494462966918945,1.3488551378250122,4.140682220458984,3.2213172912597656,0.5640785694122314,3.114042571675735,3.3031014349385317,1.2,1.3949583350664172
9.964,2.788724422454834,3.359086275100708,1.3293867111206055,4.13309907913208,3.217207908630371,0.5659379363059998,3.1449095037834605,3.313168784032866,1.2,1.3518404818573657
10.065,2.8063223361968994,3.3673555850982666,1.329633116722107,4.138462066650391,3.221768617630005,0.5529444813728333,3.1386217907835774,3.322159911750889,1.2,1.3400715751590677
10.165,2.837308168411255,3.3545546531677246,1.3291274309158325,4.15420389175415,3.2218730449676514,0.5395671129226685,3.1443810375864283,3.3304098052852096,1.2,1.3235629019103572
10.264,2.8810524940490723,3.337883472442627,1.315858006477356,4.163015842437744,3.227865695953369,0.524817705154419,3.1592411880986146,3.322118834577324,1.2,1.2866755370937677
10.366,2.9409031867980957,3.327526807785034,1.3063076734542847,4.168764114379883,3.232722520828247,0.5207861065864563,3.1666781400172406,3.313371150372559,1.2,1.2315154527278136
10.465,3.0070953369140625,3.3122363090515137,1.2749136686325073,4.164791107177734,3.239429235458374,0.5069865584373474,3.171731616848432,3.309704329498853,1.2,1.1599829164481663
10.577,3.0860280990600586,3.30771541595459,1.2588499784469604,4.1635003089904785,3.2375848293304443,0.4962219297885895,3.166762813960708,3.302194878435318,1.2,1.0797521300523512
10.664,3.137355327606201,3.2955198287963867,1.2606192827224731,4.1557207107543945,3.2414801120758057,0.4853385388851166,3.1656118307541083,3.302535464455142,1.2,1.0197981881616613
10.768,3.186779737472534,3.284529447555542,1.2473748922348022,4.157933235168457,3.2440013885498047,0.4724505841732025,3.157125699535607,3.2944707109490943,1.2,0.9719987858293844
10.863,3.219268560409546,3.2874443531036377,1.2263275384902954,4.148387908935547,3.239739418029785,0.48472315073013306,3.158802874252152,3.285696974590229,1.2,0.9303432294781216
10.967,3.24294114112854,3.297499418258667,1.2666051387786865,4.149778366088867,3.240211009979248,0.4684607684612274,3.149703424449974,3.29101612275801,1.2,0.9086449880437004
11.065,3.242192029953003,3.276826858520508,1.2697888612747192,4.147115230560303,3.231919288635254,0.48174184560775757,3.1517678813639862,3.3032591850456843,1.2,0.9060368032427591
11.172,3.2702298164367676,3.2906696796417236,1.2829976081848145,4.1401143074035645,3.240980625152588,0.47909310460090637,3.148344322614261,3.2814841294061003,1.2,0.8713024903904427
11.274,3.264988422393799,3.291639804840088,1.3012402057647705,4.124492645263672,3.242905378341675,0.47229182720184326,3.1417417553212337,3.2980091026757834,1.2,0.8608847503918707
11.363,3.2459776401519775,3.2880775928497314,1.291082739830017,4.1029229164123535,3.256406307220459,0.4724075496196747,3.126096260058067,3.299515077231369,1.2,0.8575303358123157
11.464,3.2322709560394287,3.2923336029052734,1.296248435974121,4.10176944732666,3.2655036449432373,0.445784330368042,3.103605177467743,3.293339444517895,1.2,0.8699123363851189
11.564,3.2236499786376953,3.3006043434143066,1.308250904083252,4.104421138763428,3.2612743377685547,0.4134159982204437,3.102245179283293,3.2963457848231323,1.2,0.8816488449792942
11.664,3.1975345611572266,3.3206217288970947,1.2918695211410522,4.111937522888184,3.2715537548065186,0.42958083748817444,3.1054166426520338,3.3058839415464347,1.2,0.915718538910128
11.769,3.1800990104675293,3.336930751800537,1.2791181802749634,4.119814395904541,3.269415855407715,0.44973739981651306,3.1133741839617235,3.3251378770074034,1.2,0.942137605056695
11.863,3.1813976764678955,3.364466428756714,1.2330893278121948,4.126123905181885,3.2539427280426025,0.517481803894043,3.1223853787489606,3.3410772518220524,1.2,0.9511693517138256
11.963,3.1871225833892822,3.38045072555542,1.1665167808532715,4.114818572998047,3.2447829246520996,0.5880844593048096,3.1328978019524514,3.37014043827682,1.2,0.9375636518861683
12.064,3.1867356300354004,3.385791301727295,1.106768012046814,4.115056991577148,3.2372679710388184,0.6643946170806885,3.1253433648429017,3.3894854209896943,1.2,0.9401275073379799
12.163,3.177340507507324,3.3860607147216797,1.0770069360733032,4.129333972930908,3.218017578125,0.7255370020866394,3.1276150177002875,3.3952500846661797,1.2,0.9667109464397592
12.264,3.1710691452026367,3.3747029304504395,1.044602870941162,4.134860515594482,3.2005462646484375,0.8025726675987244,3.1445582559188865,3.3918473430775493,1.2,0.9793999948361558
12.364,3.166374683380127,3.36645770072937,1.0437206029891968,4.137420177459717,3.1810495853424072,0.8628405332565308,3.150797440779908,3.3783660182937667,1.2,0.9885876394248616
12.464,3.166517734527588,3.360332727432251,1.0486801862716675,4.15251350402832,3.163058280944824,0.8879228234291077,3.1551648311916587,3.3685980716807853,1.2,1.0055371026025157
12.566,3.184514045715332,3.3589541912078857,1.0451050996780396,4.163125514984131,3.135248899459839,0.901285707950592,3.1719472305921705,3.3592464136122753,1.2,1.0038548029174916
12.663,3.1840615272521973,3.3704841136932373,1.080896258354187,4.160531520843506,3.127619743347168,0.9274988174438477,3.188271914219686,3.35809516278188,1.2,1.0062190371722266
12.763,3.1927809715270996,3.3771378993988037,1.0889467000961304,4.191539764404297,3.0937387943267822,0.9558806419372559,3.1900966974918443,3.368983066216302,1.2,1.0381879305333592
12.862,3.2092761993408203,3.368358612060547,1.1266059875488281,4.183775901794434,3.065256118774414,0.9664411544799805,3.229518570068032,3.3667135580831165,1.2,1.0205492597216712
12.966,3.2795324325561523,3.3711049556732178,1.1962970495224,4.172022819519043,3.0417559146881104,0.9869480133056641,3.228898228648717,3.3622554947465217,1.2,0.9513200731714748
13.062,3.321786403656006,3.3557913303375244,1.2334632873535156,4.171846866607666,3.012544870376587,1.00901198387146,3.2338628751088088,3.387958050302821,1.2,0.9167447425261332
13.185,3.3499836921691895,3.321565866470337,1.2842727899551392,4.182731628417969,2.958976984024048,1.0340532064437866,3.244587157858992,3.386963663349542,1.2,0.908261979277042
13.271,3.3580498695373535,3.3030521869659424,1.304328441619873,4.214327812194824,2.8826255798339844,1.0608329772949219,3.265872885842804,3.3581887651171005,1.2,0.9539237113449903
13.38,3.3569114208221436,3.2908599376678467,1.3204752206802368,4.248487949371338,2.806223154067993,1.0554624795913696,3.632178299032043,3.5943486066878045,1.2,1.0147815125818185
13.464,3.3369345664978027,3.2978851795196533,1.3048936128616333,4.276645660400391,2.74246883392334,1.043613076210022,3.656313429922136,3.5561115860074715,1.2,1.0915787909991481
13.562,3.3169753551483154,3.2997148036956787,1.2881931066513062,4.330687046051025,2.671005964279175,1.0271787643432617,3.415772307371565,3.2512881240892177,1.2,1.1928479354189614
13.663,3.2991654872894287,3.322033643722534,1.2442001104354858,4.42003870010376,2.6020028591156006,1.0247963666915894,3.6868917050041534,3.451905125691965,1.2,1.3322166077580617
13.763,3.2918457984924316,3.3611669540405273,1.182736873626709,4.518099784851074,2.5625264644622803,1.0257279872894287,3.628576498592607,3.2132209736861026,1.2,1.4633951860841432
13.862,3.301699638366699,3.403562307357788,1.1291999816894531,4.613587379455566,2.520207166671753,1.0207139253616333,3.521728719624333,3.0338233385966578,1.2,1.581570659122031
13.964,3.3309285640716553,3.4136483669281006,1.0952980518341064,4.692579746246338,2.443528890609741,0.9938708543777466,3.5574596471381557,3.096012607450237,1.2,1.6718928614746575
14.067,3.382115125656128,3.4050047397613525,1.0491939783096313,4.777096748352051,2.400214672088623,0.9607831239700317,3.6990911163205102,3.257263153043893,1.2,1.7191791086891204
14.187,3.421581745147705,3.3624765872955322,1.0336008071899414,4.836552143096924,2.3290326595306396,0.9336063861846924,3.6530063272900697,3.1106954519749848,1.2,1.7521836601528673
14.263,3.479008197784424,3.3397583961486816,1.0159956216812134,4.911159515380859,2.2967469692230225,0.893648087978363,3.7998688804892007,3.2324810364673406,1.2,1.7717026367849391
14.363,3.5335845947265625,3.291781187057495,1.053404450416565,4.958376407623291,2.2454476356506348,0.8438326716423035,3.7282086931352,3.0268700564539466,1.2,1.767723284594407
14.461,3.5735719203948975,3.275179386138916,1.0973573923110962,3.561113119125366,2.37422251701355,1.1946812868118286,3.855986143727743,3.0550170825111356,1.2,0.901043007715645
14.563,3.596921682357788,3.2719483375549316,1.1710941791534424,3.251694440841675,2.3409042358398438,1.2071820497512817,3.855064677743928,2.9909931310876914,1.2,0.9929878990316446
14.67,3.6211154460906982,3.262821674346924,1.2382495403289795,3.089409112930298,2.321899890899658,1.240307331085205,3.84442978114373,2.957719533917569,1.2,1.0807615034263858
14.761,3.627384901046753,3.227787971496582,1.2801140546798706,2.968815565109253,2.3055171966552734,1.2643327713012695,3.816467819647464,2.913769457414073,1.2,1.1332682614295466
14.862,3.6635801792144775,3.182173728942871,1.2927451133728027,2.858821153640747,2.2926928997039795,1.2890205383300781,3.7828794332000717,2.859248352906639,1.2,1.1995054125871574
14.963,3.7109951972961426,3.142085552215576,1.2890163660049438,2.7629404067993164,2.3022961616516113,1.3067878484725952,3.7582733487985127,2.793543823204611,1.2,1.266512576442799
15.064,3.7513179779052734,3.0985772609710693,1.2924405336380005,2.6406943798065186,2.307995319366455,1.2992583513259888,3.7309678367123915,2.7425844963036443,1.2,1.3632698130029677
15.162,3.783820629119873,3.0483455657958984,1.3074004650115967,2.50998592376709,2.3033487796783447,1.3088897466659546,3.6984113882292675,2.7020915830849006,1.2,1.47569477463556
15.27,3.823361873626709,2.9983034133911133,1.315460443496704,2.4106943607330322,2.287670135498047,1.329484462738037,3.6394996862461904,2.6752886459457885,1.2,1.5813377746813773
15.37,3.8463633060455322,2.951848030090332,1.3475693464279175,2.348658800125122,2.270519733428955,1.346443772315979,3.5801096127287235,2.6807686317245714,1.2,1.6453957076903396
15.461,3.8403842449188232,2.9085488319396973,1.3587673902511597,2.303612232208252,2.2390565872192383,1.3417911529541016,3.482267423475678,2.7862153391876032,1.2,1.676272079583544
15.562,3.8177099227905273,2.8574633598327637,1.3541898727416992,2.2341835498809814,2.2225406169891357,1.3610907793045044,3.473672413008488,2.7487914147817882,1.2,1.706072291281978
15.661,3.7692787647247314,2.811307430267334,1.34019136428833,2.196469783782959,2.190079689025879,1.3774689435958862,3.4464416287091195,2.708601498330627,1.2,1.6910505601604753
15.766,3.7488036155700684,2.7706501483917236,1.3122249841690063,2.1609575748443604,2.149566650390625,1.384547472000122,3.397247550993897,2.6643626242687475,1.2,1.7049925983820537
15.86,3.6951797008514404,2.7484867572784424,1.2685612440109253,2.1176977157592773,2.1099650859832764,1.3912122249603271,3.3762867982577847,2.6249407773151634,1.2,1.7018106057972149
15.96,3.632769823074341,2.7246322631835938,1.2145910263061523,2.0668931007385254,2.0730998516082764,1.3769886493682861,3.3244023699972374,2.598406209156332,1.2,1.6960142667107212
16.061,3.5683698654174805,2.7171595096588135,1.1635476350784302,2.022350549697876,2.0129923820495605,1.358314037322998,3.2634623819588358,2.570970251167879,1.2,1.698831088773566
16.162,3.503103017807007,2.714912176132202,1.12662935256958,2.0085701942443848,1.9585505723953247,1.3514550924301147,3.2043503166969023,2.5513591232018853,1.2,1.6750257419853238
16.261,3.450838565826416,2.6983044147491455,1.1080005168914795,1.970318078994751,1.9070628881454468,1.3619987964630127,3.1462051418875054,2.5342912854131376,1.2,1.678691176288963
16.36,3.408036947250366,2.681720495223999,1.109036922454834,1.93071448802948,1.85611891746521,1.4010192155838013,3.098058850833308,2.5097666925570565,1.2,1.6923650946873872
16.463,3.371053695678711,2.6596336364746094,1.1088920831680298,1.8899585008621216,1.801527738571167,1.4262058734893799,3.058863482527312,2.4865849230355894,1.2,1.7117209784674206
16.56,3.3440871238708496,2.618149757385254,1.1192067861557007,1.8446507453918457,1.7227519750595093,1.437408685684204,3.0249470080939904,2.459108922762976,1.2,1.746438273086138
16.662,3.3418848514556885,2.6197211742401123,1.1628998517990112,1.7995957136154175,1.6594552993774414,1.4500330686569214,2.9442497290483614,2.6067454730339414,1.2,1.8168011270157933
16.761,3.3243813514709473,2.603984832763672,1.183924913406372,1.7695658206939697,1.6088422536849976,1.469411015510559,3.002323384896368,2.4083021343499365,1.2,1.8460119413049987
16.86,3.280862331390381,2.5737714767456055,1.2087866067886353,1.7556957006454468,1.5425513982772827,1.4726078510284424,2.987478757075413,2.3883540328079187,1.2,1.8410725411493345
16.96,3.2584452629089355,2.5535764694213867,1.2726316452026367,1.702135443687439,1.4795726537704468,1.4968050718307495,2.949497521659894,2.3497237968373366,1.2,1.8909215873319616
17.061,3.2057719230651855,2.5528337955474854,1.3262250423431396,1.5917366743087769,1.837084412574768,1.4270285367965698,2.880164171052437,2.4235633333779276,1.2,1.765618011760751
17.165,3.148380756378174,2.5393967628479004,1.3417024612426758,1.3867653608322144,2.4022626876831055,1.428147554397583,2.8832165862435533,2.316279246472894,1.2,1.766944978315921
17.259,3.117274284362793,2.5235373973846436,1.3418036699295044,1.2478246688842773,2.5269291400909424,1.392073154449463,2.7495872642967263,2.5083524288482084,1.2,1.8694526922956236
17.359,3.0788042545318604,2.4911813735961914,1.312445878982544,1.146885871887207,2.593585252761841,1.3706051111221313,2.754662424634584,2.354680537339072,1.2,1.9346305052046775
17.46,3.0481956005096436,2.4622881412506104,1.2892931699752808,1.0707104206085205,2.5935704708099365,1.3732995986938477,2.6793650070999044,2.5123541771656908,1.2,1.981838209032993
17.559,3.024838447570801,2.4471054077148438,1.2879630327224731,1.0037075281143188,2.6196866035461426,1.3167537450790405,2.6490741846669232,2.48878522440522,1.2,2.0284857561091143
17.66,3.0202243328094482,2.4261934757232666,1.3100244998931885,0.9453668594360352,2.6112098693847656,1.3149755001068115,2.6262887583024352,2.4811369399179255,1.2,2.0830901566511733
17.759,2.9763944149017334,2.411494493484497,1.3261029720306396,0.9049010872840881,2.608349561691284,1.3703721761703491,2.6334732535486323,2.5282895221236728,1.2,2.0808259235801354
17.86,2.927231788635254,2.397202253341675,1.3097485303878784,0.8316801190376282,2.5959479808807373,1.3940494060516357,2.577865587852137,2.4457694699319377,1.2,2.104955264172716
17.96,2.8696560859680176,2.400621175765991,1.2913812398910522,0.7694315910339355,2.579014301300049,1.4111301898956299,2.529018732944265,2.434969465010598,1.2,2.1077872369760025
18.059,2.8157520294189453,2.4122607707977295,1.2483539581298828,0.7317289710044861,2.5664255619049072,1.414208173751831,2.495858335254711,2.5430123326602048,1.2,2.0897174188919125
18.159,2.7645604610443115,2.4216461181640625,1.234216570854187,0.6914221048355103,2.564941644668579,1.4187402725219727,2.416781174837519,2.440935798165918,1.2,2.0780847557066426
18.259,2.7547221183776855,2.4592442512512207,1.2466180324554443,0.6628512740135193,2.554255485534668,1.400773525238037,2.365354311666303,2.4468344150255623,1.2,2.094027402910696
18.36,2.712697744369507,2.4740490913391113,1.261660099029541,0.6469094157218933,2.562230110168457,1.367364764213562,2.3551987078404992,2.478764610692965,1.2,2.067669536182821
18.469,2.6919870376586914,2.4814586639404297,1.2635633945465088,0.6161611080169678,2.574251174926758,1.3403135538101196,2.313153818385464,2.4931449340609637,1.2,2.0778988763335127
18.56,2.6719987392425537,2.478559970855713,1.2696374654769897,0.5991268754005432,2.576683282852173,1.309391736984253,2.292400441380779,2.4996397550801976,1.2,2.07519299060714
18.659,2.6104962825775146,2.4886059761047363,1.249941349029541,0.5848091840744019,2.579481363296509,1.2831921577453613,2.2724655189427216,2.497878507985785,1.2,2.0277244775953203
18.762,2.5576131343841553,2.476048707962036,1.2148919105529785,0.5675768256187439,2.5687460899353027,1.2587621212005615,2.210803698623625,2.5042852086198457,1.2,1.992194095671745
18.858,2.4768383502960205,2.468716621398926,1.1907600164413452,0.5688063502311707,2.563891649246216,1.233379602432251,2.158002738625691,2.493698965800486,1.2,1.9104042502039205
18.96,2.3919270038604736,2.471360445022583,1.1702916622161865,0.5762869715690613,2.5637714862823486,1.2086941003799438,2.0773377009542733,2.4886973915423014,1.2,1.817990244034845
19.064,2.3097360134124756,2.4587326049804688,1.1546658277511597,0.5936686396598816,2.556560754776001,1.173683762550354,1.9923752099339334,2.490290948715921,1.2,1.7188535650690382
19.164,2.232635021209717,2.4892101287841797,1.136639952659607,0.6370133757591248,2.545142412185669,1.1395851373672485,1.9102686611078645,2.479368361393641,1.2,1.596601658447391
19.266,2.180218458175659,2.513190746307373,1.1167685985565186,0.6777408123016357,2.525388240814209,1.114141821861267,1.8327432502511474,2.4985145105271576,1.2,1.5025271562349187
19.366,2.1367361545562744,2.5057790279388428,1.1436383724212646,0.7410518527030945,2.5319130420684814,1.116662621498108,1.7802523013376705,2.5183939553411845,1.2,1.395928958483893
19.468,2.1058387756347656,2.4993858337402344,1.163608193397522,0.787171483039856,2.503859281539917,1.1102418899536133,1.7871704712981178,2.505281773175298,1.2,1.318674880436723
19.57,2.0633621215820312,2.500521659851074,1.1548923254013062,0.8043816089630127,2.464792013168335,1.063686490058899,1.8040285256099173,2.4913634647345604,1.2,1.2594874111345933
19.658,2.025277614593506,2.470592975616455,1.1706116199493408,0.8189054727554321,2.4268031120300293,1.017365574836731,1.8171555339806442,2.485936987802383,1.2,1.2071666400111871
19.758,1.9636014699935913,2.430415391921997,1.1967977285385132,0.8119144439697266,2.3631811141967773,0.9853060841560364,1.8080190671146088,2.4513603620354387,1.2,1.153647889961632
19.857,1.8966374397277832,2.4255990982055664,1.1931359767913818,0.8278743028640747,2.3195395469665527,0.9687929749488831,1.8231427359749048,2.4167030486177024,1.2,1.0740126959807204
19.958,1.8497759103775024,2.429685115814209,1.1771234273910522,0.8178819417953491,2.249371290206909,0.9417734146118164,1.8047996203056207,2.4105962753794827,1.2,1.0475295881746567
20.059,1.8112744092941284,2.4124443531036377,1.1509835720062256,0.8414419889450073,2.181302547454834,0.9039000272750854,1.812417230417751,2.4204825642767815,1.2,0.9969962175850136
20.158,1.7983124256134033,2.4304006099700928,1.1342436075210571,0.8543887734413147,2.0896801948547363,0.8932009935379028,1.469564665351866,2.620373309468338,1.2,1.0035348835024496
20.267,1.7843815088272095,2.436210870742798,1.1168839931488037,0.8573853373527527,1.966424584388733,0.8776171803474426,1.4485709008962717,2.6245162092622056,1.2,1.0392406154373701
20.359,1.7966426610946655,2.435769557952881,1.0803258419036865,0.9811831712722778,2.6082987785339355,1.1238250732421875,1.47444802055734,2.1833448333853256,1.2,0.8335109546344878
20.457,1.7960199117660522,2.4354827404022217,1.0899008512496948,1.019018530845642,2.7450108528137207,1.207524299621582,1.4577079343091004,2.2233472168990396,1.2,0.836384360402112
20.558,1.8200520277023315,2.451904535293579,1.116050124168396,1.046278715133667,2.7720391750335693,1.226333737373352,1.9585764643206742,2.362511621835594,1.2,0.8373836198570745
20.657,1.7860249280929565,2.4678754806518555,1.1239100694656372,1.0961174964904785,2.7989373207092285,1.3140366077423096,1.9978619204382828,2.3666677359833974,1.2,0.7652282052580796
20.757,1.7630378007888794,2.474644422531128,1.164404273033142,1.0968867540359497,2.7941017150878906,1.332729458808899,1.9976883309970308,2.3663058027090265,1.2,0.7387896715965383
20.866,1.7352795600891113,2.469468116760254,1.204472303390503,1.0953670740127563,2.7614905834198,1.3807628154754639,1.9985656382485089,2.3616954364965705,1.2,0.7033954157302611
20.958,1.7052867412567139,2.4312498569488525,1.2495824098587036,1.057795763015747,2.7676219940185547,1.417075753211975,2.005114950905018,2.346329409307839,1.2,0.7296511368457412
21.057,1.7171485424041748,2.3993306159973145,1.300814151763916,1.055688738822937,2.7603611946105957,1.4751790761947632,1.9451937886531083,2.30661793319597,1.2,0.7535729231120041
21.157,1.7416901588439941,2.343890905380249,1.398496150970459,1.070819616317749,2.7724838256835938,1.52311110496521,1.9334535619665687,2.2812694338260577,1.2,0.7960899296961416
21.257,1.772969126701355,2.2854578495025635,1.416766881942749,1.0626955032348633,2.760237216949463,1.550112247467041,1.913526598909915,2.234111332431564,1.2,0.8543442326986808
21.356,1.8059972524642944,2.2684385776519775,1.4197719097137451,1.0773909091949463,2.7321178913116455,1.5620042085647583,1.8940625287052613,2.20451348256294,1.2,0.8636351714515985
21.458,1.8477360010147095,2.252640962600708,1.3722895383834839,1.1023154258728027,2.665637969970703,1.5592331886291504,1.5512574287795406,2.576833814692144,1.2,0.8521844647383938
21.557,1.893367886543274,2.2388241291046143,1.325209140777588,1.1412760019302368,2.5810060501098633,1.5503175258636475,1.5786240384819012,2.5485780363541335,1.2,0.8262751781117671
21.657,1.9209221601486206,2.2380480766296387,1.2597315311431885,1.1543611288070679,2.501436710357666,1.5598217248916626,1.6593488734291024,2.5632237306781507,1.2,0.8105488184856863
21.758,1.8134263753890991,1.8350286483764648,1.6545026302337646,1.229002833366394,2.423816442489624,1.5649707317352295,1.5862398204221753,2.4571090988933726,1.2,0.8295914313485913
21.856,1.651414394378662,1.7747663259506226,1.840708613395691,1.3535960912704468,2.7337255477905273,1.6139978170394897,1.413670794722469,1.8210473849898723,1.2,1.0041406927408392
21.956,1.5514987707138062,1.829868197441101,1.8934556245803833,1.3327184915542603,3.040550947189331,1.5309085845947266,1.4006054252103106,2.042857926145895,1.2,1.2302916447278118
22.057,1.475009799003601,1.862284779548645,1.8334074020385742,1.3490595817565918,3.2553186416625977,1.4942368268966675,1.3335634347412522,2.165284639099124,1.2,1.3987161249591296
22.156,1.4123538732528687,1.922951102256775,1.6955374479293823,1.3742693662643433,3.4320971965789795,1.4492897987365723,1.3209881167965163,2.2314423629870728,1.2,1.5096265643133482
22.257,1.370313286781311,1.9646081924438477,1.5829970836639404,1.396406650543213,3.5746378898620605,1.399670124053955,1.3134006392199395,2.3105182028657203,1.2,1.6102411279684148
22.378,1.353165864944458,2.024554491043091,1.498528242111206,1.4182896614074707,3.6382129192352295,1.3029102087020874,1.3817751745931965,2.3644439401300543,1.2,1.6149720219685788
22.456,1.3502671718597412,2.092881679534912,1.3683744668960571,1.3785191774368286,3.6589107513427734,1.2526683807373047,1.3593702068228848,2.4245063708259664,1.2,1.5662838917535096
22.559,1.353153944015503,2.1463897228240967,1.2567180395126343,1.3354681730270386,3.6697583198547363,1.157272219657898,1.3465133342388205,2.492864065025968,1.2,1.523471256346688
22.656,1.3649762868881226,2.2122538089752197,1.154444694519043,1.3293026685714722,3.683330535888672,1.0694358348846436,1.3485103983195046,2.546362768770157,1.2,1.4715092060568964
22.756,1.3879536390304565,2.2776951789855957,1.067439079284668,1.2672220468521118,3.737079381942749,1.0469509363174438,1.6042876623448195,2.532769121522099,1.2,1.4643696149506804
22.857,1.383051872253418,2.33618426322937,1.0058009624481201,1.204323172569275,3.771944761276245,1.050516128540039,1.3391641040243467,2.67470850530335,1.2,1.4468421323152694
22.96,1.3780747652053833,2.416635513305664,0.9774558544158936,1.17087721824646,3.8108794689178467,1.0429396629333496,1.3260876666457877,2.7321073356556833,1.2,1.4095556148045032
23.056,1.3811534643173218,2.476499319076538,0.9353316426277161,1.186375617980957,3.8610434532165527,0.99345862865448,1.3254489609824436,2.8131585576926064,1.2,1.3981776957185934
23.159,1.3850841522216797,2.5278282165527344,0.9147398471832275,1.1875109672546387,3.8576440811157227,0.9657310843467712,1.3263572848320844,2.8673301409456458,1.2,1.3444126587701517
23.259,1.3659565448760986,2.599292516708374,0.892998218536377,1.1858004331588745,3.9356203079223633,0.9887650609016418,1.329020034239998,2.9238797468804636,1.2,1.3484169200065417
23.399,1.3688111305236816,2.6478817462921143,0.8865073919296265,1.1651502847671509,4.152622222900391,1.0729342699050903,1.139821745391689,2.929236530841296,1.2,1.5184602866185102
23.464,1.361825942993164,2.697497606277466,0.8994932174682617,1.1651502847671509,4.152622222900391,1.0729342699050903,1.4607063672486327,3.0371827422672917,1.2,1.4683558711840428
23.567,1.3960967063903809,2.7556533813476562,0.923399806022644,1.1807217597961426,4.22648286819458,1.0695998668670654,1.3147759218779844,3.094720837613526,1.2,1.4865146306037005
23.666,1.3845926523208618,2.808084011077881,1.0103404521942139,1.2128292322158813,4.254992961883545,1.1070462465286255,1.3475650575204294,3.1526983146460976,1.2,1.4570683526889558
23.756,1.3409770727157593,2.841226100921631,1.055185079574585,1.2640886306762695,4.2803874015808105,1.1666021347045898,1.3519628527098435,3.2067509098509603,1.2,1.4412137529992841
23.855,1.3287631273269653,2.7821362018585205,1.1561427116394043,1.2794404029846191,4.265969276428223,1.2467725276947021,1.323716600035234,3.240853522506843,1.2,1.4846525938156463
23.955,1.3053823709487915,2.7811295986175537,1.2297085523605347,1.3066401481628418,4.233602046966553,1.3139382600784302,1.322667107924757,3.1820897473453034,1.2,1.4524729929387519
24.055,1.3010722398757935,2.8106184005737305,1.2345043420791626,1.2823190689086914,4.243068695068359,1.3123308420181274,1.2990728242183478,3.181079832546797,1.2,1.4325730444270792
24.155,1.3115569353103638,2.8634462356567383,1.2310833930969238,1.2498655319213867,4.210594177246094,1.3241647481918335,1.2864512759196527,3.2103510955249854,1.2,1.3485597523953246
24.254,1.3244203329086304,2.922586441040039,1.2147819995880127,1.2252862453460693,4.1756720542907715,1.341765284538269,1.2908884072805333,3.177826196279864,1.2,1.257000843855256
24.355,1.3389369249343872,2.990631103515625,1.1709016561508179,1.2000688314437866,4.132400035858154,1.3502711057662964,1.3023158067409646,3.1376409916456485,1.2,1.1501828733954933
24.455,1.343340516090393,3.058318853378296,1.1415570974349976,1.1702436208724976,4.092618465423584,1.373278021812439,1.3215618867635532,3.104133370741968,1.2,1.0486840432709503
24.555,1.3669002056121826,3.1100761890411377,1.1346040964126587,1.161828637123108,4.0413079261779785,1.3875162601470947,1.3434118851188306,3.057932349886131,1.2,0.9535443861999647
24.654,1.3553552627563477,3.1484363079071045,1.130941390991211,1.1636075973510742,4.005204200744629,1.3961113691329956,1.3850778946203697,3.0300370830527688,1.2,0.8779626355293398
24.754,1.3110543489456177,3.194887161254883,1.129678726196289,1.1372743844985962,3.948329210281372,1.405133843421936,1.4003112606414456,2.9835434300228676,1.2,0.7732233812323853
24.854,1.2869329452514648,3.2054224014282227,1.1010743379592896,1.0952610969543457,3.8768389225006104,1.4036873579025269,1.3851022511596989,3.5879735489328257,1.2,0.698239387458615
24.954,1.285194993019104,3.144916534423828,1.092612385749817,1.075324535369873,3.7927334308624268,1.411455750465393,1.2918141725909027,3.605392617343934,1.2,0.6809642724146662
25.054,1.3290140628814697,3.144012689590454,1.1186398267745972,1.0421669483184814,3.670642852783203,1.4094635248184204,1.3835205247204458,2.841410545534726,1.2,0.5996837465844256
25.155,1.3579188585281372,3.1343557834625244,1.1860395669937134,1.0212805271148682,3.516239643096924,1.4016271829605103,1.322375805401697,3.5439576027192903,1.2,0.509078234091751
25.254,1.3631112575531006,3.153348922729492,1.2168492078781128,1.0389807224273682,3.328547239303589,1.4057016372680664,1.2995247940654828,3.530070495389604,1.2,0.3684495269793287
25.354,1.383924961090088,3.1732959747314453,1.219734787940979,1.2662540674209595,3.707285165786743,1.482387661933899,1.228610333576218,3.5300576981109066,1.2,0.5468005992871466
25.454,1.3650057315826416,3.2342631816864014,1.258081078529358,1.465242624282837,4.072592735290527,1.4865245819091797,0.9850754579986212,3.203612206088427,1.2,0.8443008202674469
25.554,1.3587323427200317,3.284869909286499,1.2682621479034424,1.6097221374511719,4.13146448135376,1.4997423887252808,1.0469960064821295,3.4768942076115636,1.2,0.8830165607240491
25.654,1.3409305810928345,3.338254928588867,1.2604552507400513,1.6944916248321533,4.216746807098389,1.4198620319366455,1.0161918894139468,3.491427498953066,1.2,0.9469706395961938
25.754,1.3056577444076538,3.400397300720215,1.2239837646484375,1.7530781030654907,4.258784770965576,1.3842921257019043,1.344438161098008,3.346089094505557,1.2,0.9679948483415284
25.853,1.2545644044876099,3.437812089920044,1.1838996410369873,1.810874104499817,4.307255744934082,1.3678537607192993,1.3241964586681856,3.433674112201467,1.2,1.0321883314453044
25.953,1.1923154592514038,3.464945077896118,1.1345278024673462,1.8631086349487305,4.346046447753906,1.3537766933441162,1.3064755715996645,3.5152879793729728,1.2,1.1073857090135195
26.055,1.1466257572174072,3.4693877696990967,1.1166229248046875,1.9225027561187744,4.387759208679199,1.3459947109222412,1.3019951478051288,3.6035587827516946,1.2,1.2022442419735586
26.154,1.1158379316329956,3.459399700164795,1.1156206130981445,1.9453399181365967,4.398886203765869,1.3316267728805542,1.2936076989611145,3.640437052873997,1.2,1.2532790734956007
26.254,1.1162710189819336,3.437699556350708,1.0915580987930298,1.881977915763855,4.323978424072266,1.2354249954223633,1.3779116579743187,3.761587327246999,1.2,1.171237500744066
26.354,1.1325113773345947,3.4244303703308105,1.0719870328903198,1.8991650342941284,4.320182800292969,1.237419605255127,1.2355286262315541,3.5721275096266942,1.2,1.17903784736222
26.453,1.1563127040863037,3.4387569427490234,1.072352409362793,1.8990875482559204,4.2865376472473145,1.220290184020996,1.2345985016406567,3.53923964314966,1.2,1.1271408927240716
26.553,1.2275935411453247,3.5057921409606934,1.0920729637145996,1.9143153429031372,4.256800174713135,1.2009872198104858,1.2346393220654044,3.5232877298983345,1.2,1.017644289410698
26.653,1.2843818664550781,3.5186264514923096,1.1366642713546753,1.950803279876709,4.247408866882324,1.2041221857070923,1.2526371112342405,3.5314731149023744,1.2,0.9875430670348448
26.754,1.3105123043060303,3.554677963256836,1.282531976699829,2.007603168487549,4.229097843170166,1.232755422592163,1.2942362549060586,3.5283071136315836,1.2,0.9699370326715271
26.853,1.3257501125335693,3.5784482955932617,1.3688582181930542,2.0743796825408936,4.230757713317871,1.2456051111221313,1.3255538629845312,3.5679908674619982,1.2,0.9929520680987427
26.955,1.325757384300232,3.6110613346099854,1.4382966756820679,2.105821132659912,4.230454444885254,1.234904170036316,1.3385425061523728,3.589140551924323,1.2,0.9960658997081596
27.054,1.2946797609329224,3.618752956390381,1.4541714191436768,2.158280611038208,4.266602993011475,1.272469162940979,1.3726120123143857,3.647955393016659,1.2,1.0795907086727472
27.153,1.276443362236023,3.612499237060547,1.4209703207015991,2.1978609561920166,4.279749393463135,1.298744797706604,1.3908869022548003,3.6891625020812358,1.2,1.1376436848464155
27.253,1.2657750844955444,3.607879638671875,1.365454912185669,2.2156484127044678,4.256112098693848,1.2991492748260498,1.3907502274020551,3.690830767067916,1.2,1.1499846354925076
27.356,1.2587138414382935,3.626525640487671,1.3216880559921265,2.250070095062256,4.260376930236816,1.3022927045822144,1.4165768081462382,3.707847346715777,1.2,1.1766710156692028
27.46,1.2755777835845947,3.623819351196289,1.271552324295044,2.2970235347747803,4.271204471588135,1.3117353916168213,1.4474606407157844,3.743717136159024,1.2,1.2093216762835466
27.561,1.2965987920761108,3.6354243755340576,1.205932855606079,2.3344342708587646,4.267199993133545,1.337088704109192,1.4798270785157577,3.7479249727487756,1.2,1.215007371176502
27.673,1.3027349710464478,3.6495659351348877,1.1796150207519531,2.3846516609191895,4.267210960388184,1.363052487373352,1.5198675294395247,3.7650671503686213,1.2,1.2458045998652176
27.77,1.3189641237258911,3.6639187335968018,1.159496784210205,2.4112327098846436,4.245885372161865,1.375799298286438,1.5305746506039897,3.7721329234884764,1.2,1.2376331575680894
27.943,1.3390263319015503,3.6922168731689453,1.1522295475006104,2.472362995147705,4.20337438583374,1.3730173110961914,1.566542189513611,3.779713356140897,1.2,1.2432755105010265
27.976,1.3376048803329468,3.70401668548584,1.1608777046203613,2.472362995147705,4.20337438583374,1.3730173110961914,1.566542189513611,3.779713356140897,1.2,1.2397717903044445
28.054,1.3450347185134888,3.723743438720703,1.1752275228500366,2.4923322200775146,4.211827278137207,1.374955177307129,1.5769384680623304,3.809267619488252,1.2,1.2468028678963694
28.155,1.37520170211792,3.7645621299743652,1.1709825992584229,2.517862558364868,4.195793151855469,1.3934955596923828,1.5901840430909076,3.8224132216247453,1.2,1.2213247015563182
28.253,1.423698902130127,3.7748775482177734,1.145824670791626,2.5364654064178467,4.171469211578369,1.42386794090271,1.5927248857218375,3.8407823058859525,1.2,1.1813273214955438
28.353,1.4383009672164917,3.7724556922912598,1.1095101833343506,2.5743401050567627,4.1451416015625,1.450492262840271,1.6224116399304176,3.838821185523672,1.2,1.1956085102048235
28.453,1.482385277748108,3.779966354370117,1.0978699922561646,2.6143109798431396,4.095914363861084,1.487573504447937,1.650117309326462,3.8307152580262853,1.2,1.175193149982008
28.554,1.52797269821167,3.7923285961151123,1.0916941165924072,2.651461362838745,4.05236291885376,1.5079848766326904,1.6775487022797702,3.8254397388942443,1.2,1.1531888954319998
28.653,1.5309557914733887,3.7894208431243896,1.1144205331802368,2.684674024581909,4.007448673248291,1.532179355621338,1.7015317241326722,3.824606618273561,1.2,1.174138789119746
28.753,1.57122004032135,3.8232202529907227,1.121976613998413,2.685669183731079,4.016822338104248,1.5576820373535156,1.7045141361427785,3.823600257088648,1.2,1.1311404247956942
28.853,1.6010373830795288,3.835603952407837,1.1162137985229492,2.700443983078003,3.9736480712890625,1.5738401412963867,1.7092005216771757,3.841601109074452,1.2,1.108039282190798
28.954,1.6168241500854492,3.8510239124298096,1.111490249633789,2.7360384464263916,3.89015531539917,1.6016368865966797,1.8435371278784973,4.15371379785817,1.2,1.119898168510111
29.054,1.6372318267822266,3.8634438514709473,1.1064966917037964,2.7577435970306396,3.913867950439453,1.6587200164794922,1.7592571629234843,3.858869396785947,1.2,1.1216457627174536
29.153,1.6568849086761475,3.8462350368499756,1.102192759513855,2.8039605617523193,4.115677833557129,1.742531657218933,1.9548068559179166,3.6202441375125103,1.2,1.1782962168221955
29.252,1.6895684003829956,3.8402955532073975,1.111698865890503,2.8673858642578125,4.196274280548096,1.8313738107681274,1.9790271746743273,3.6091182713997907,1.2,1.2304368462166633
29.366,1.7185521125793457,3.8515515327453613,1.1071974039077759,2.914440870285034,4.227059364318848,1.8718993663787842,1.9608497056112766,3.925954912913449,1.2,1.2534576388453966
29.471,1.751625418663025,3.8594493865966797,1.102956771850586,2.9528067111968994,4.242679595947266,1.900516390800476,1.9995269187761253,3.940590805420034,1.2,1.2608338078003156
29.551,1.7903058528900146,3.8528122901916504,1.0969958305358887,2.987506866455078,4.244030952453613,1.9396675825119019,2.0326687452020464,3.9469044437035845,1.2,1.2595008172221467
29.651,1.8329269886016846,3.8359365463256836,1.0909533500671387,3.0197436809539795,4.2460551261901855,1.9645569324493408,2.067279677475086,3.94140397802731,1.2,1.2556795414420503
29.752,1.875093698501587,3.8231585025787354,1.086395502090454,3.0475919246673584,4.23825740814209,1.9912128448486328,2.0983083921719827,3.923836074684735,1.2,1.2438083420534594
29.85,1.91370689868927,3.823523759841919,1.083362102508545,3.062204360961914,4.23116397857666,2.0271875858306885,2.1165021342294192,3.9061296752282275,1.2,1.2186947808113446
29.952,1.9502907991409302,3.8362808227539062,1.0827546119689941,3.053107500076294,4.196702480316162,2.049752950668335,2.102780411823871,3.8854494878266577,1.2,1.160219137534752
30.05,1.984793782234192,3.857532262802124,1.0835773944854736,3.0584053993225098,4.169342041015625,2.0619285106658936,2.100728345443637,3.8814971861477945,1.2,1.1179746160519681
30.151,2.0163135528564453,3.8826122283935547,1.0843493938446045,3.0638129711151123,4.146566390991211,2.095071315765381,2.097867410090237,3.887821008160253,1.2,1.0802438758006803
30.254,2.0435051918029785,3.9063527584075928,1.0847399234771729,3.0606348514556885,4.103938579559326,2.111603260040283,2.0823634066312255,3.896610385043824,1.2,1.0361432822083259
30.352,2.0653016567230225,3.924205780029297,1.0853928327560425,3.053802967071533,4.033294677734375,2.114699602127075,2.0616044269167744,3.908626891539363,1.2,0.9945025028441264
30.451,2.082286834716797,3.9322547912597656,1.0876832008361816,3.0425140857696533,3.9682652950286865,2.1156163215637207,2.0435289546717748,3.923224115588598,1.2,0.96090224791402
30.556,2.095099449157715,3.930950164794922,1.0919233560562134,3.04628849029541,3.8917787075042725,2.121049642562866,2.0471688043763914,3.9337293118989787,1.2,0.9519952704959839
30.651,2.102771282196045,3.923616647720337,1.097757339477539,3.0501575469970703,3.8257758617401123,2.12154483795166,2.0561665361589543,3.9352375919156404,1.2,0.9524250910884628
30.751,2.1046488285064697,3.9146151542663574,1.1039994955062866,3.046046257019043,3.7463769912719727,2.1247992515563965,2.063245026556279,3.9310435594451993,1.2,0.9563122909896173
30.85,2.1007184982299805,3.907799243927002,1.1089985370635986,3.044952869415283,3.656071901321411,2.140019416809082,2.4202902003853435,4.16031929415501,1.2,0.9772129771666853
30.95,2.0925984382629395,3.905771493911743,1.112419605255127,3.05393648147583,3.546747922897339,2.153254270553589,2.4238770083409573,4.143529126086336,1.2,1.0261913846219548
31.053,2.0840585231781006,3.9092183113098145,1.11470365524292,3.0764172077178955,3.431001901626587,2.1598446369171143,2.4296486017385894,4.121171557284616,1.2,1.1015746426238526
31.151,2.085683584213257,3.921987295150757,1.1152641773223877,3.0884978771209717,3.303061008453369,2.145514965057373,2.1755625164950794,3.8651226513055725,1.2,1.1784338141894168
31.254,2.1093661785125732,3.948319673538208,1.113027811050415,3.175598382949829,3.7629871368408203,2.136695146560669,2.455205988915263,4.075131646738555,1.2,1.0822196001449145
31.351,2.1548311710357666,3.984636068344116,1.1100108623504639,3.283644199371338,4.114506244659424,2.0718955993652344,2.4130704393906823,3.6880050140883767,1.2,1.1362592642686318
31.453,2.20991587638855,4.0190110206604,1.1095396280288696,3.396834373474121,4.268370151519775,2.027430772781372,2.4666536412952205,3.7341031422819078,1.2,1.2128295407297822
31.554,2.261718273162842,4.040414333343506,1.1113427877426147,3.424569606781006,4.2877984046936035,2.0092415809631348,2.4481896167772046,4.071737961483429,1.2,1.1888743006959537
31.655,2.308751344680786,4.042282581329346,1.1132501363754272,3.485222101211548,4.352649211883545,1.9539823532104492,2.578087780411552,3.7956484556497223,1.2,1.21672136758324
31.76,2.349362373352051,4.020398139953613,1.1126668453216553,3.5109975337982178,4.391720294952393,1.9234265089035034,2.5507365751147715,4.112616566513755,1.2,1.2195394166560298
31.858,2.383256196975708,3.985105276107788,1.1116431951522827,3.527757406234741,4.401672840118408,1.8852070569992065,2.576319804183199,4.093831177242165,1.2,1.2179538387726898
31.965,2.4120936393737793,3.9498236179351807,1.112345814704895,3.518239736557007,4.4024577140808105,1.850080966949463,2.5796823635832733,4.057334464158925,1.2,1.1951722944024672
32.05,2.439572334289551,3.924293041229248,1.1147735118865967,3.533980131149292,4.3955793380737305,1.846518635749817,2.604649302171984,4.026331169070349,1.2,1.191570056446862
32.151,2.4669811725616455,3.918367862701416,1.1175148487091064,3.5321996212005615,4.387516498565674,1.8375890254974365,2.6115223182506435,3.9971918851566994,1.2,1.1639548040426626
32.254,2.494549036026001,3.932666063308716,1.120059609413147,3.524073362350464,4.354223251342773,1.808915138244629,2.5995746111993663,3.9730381793369816,1.2,1.112488562312899
32.353,2.5222671031951904,3.960524559020996,1.123055338859558,3.5078165531158447,4.323941707611084,1.7744256258010864,2.5749521764570913,3.9637139258381127,1.2,1.0504188412858246
32.455,2.5479204654693604,3.9913411140441895,1.127365231513977,3.5341668128967285,4.3135528564453125,1.7774391174316406,2.589978247083385,3.984147403868489,1.2,1.0375462711392647
32.555,2.5703392028808594,4.0169997215271,1.1327425241470337,3.561246633529663,4.2794952392578125,1.7841144800186157,2.599380518443027,4.005974533189437,1.2,1.0250860612376547
32.654,2.5872442722320557,4.031999111175537,1.1385382413864136,3.5769338607788086,4.254448890686035,1.7717108726501465,2.6036469194038494,4.02485679642106,1.2,1.0143812823993306
32.755,2.597648859024048,4.0350799560546875,1.143964171409607,3.5958569049835205,4.234892845153809,1.7706048488616943,2.601275490776332,4.035152869189726,1.2,1.0180100656026767
32.928,2.602167844772339,4.0293450355529785,1.1491684913635254,3.617067575454712,4.156838893890381,1.7711021900177002,2.8263138401618524,4.363275517269716,1.2,1.0228764085914344
32.949,2.603109121322632,4.020033359527588,1.1325056552886963,3.617067575454712,4.156838893890381,1.7711021900177002,2.8263138401618524,4.363275517269716,1.2,1.0231458844848114
33.056,2.608274221420288,4.004807472229004,1.076948881149292,3.6144607067108154,4.0848708152771,1.7764548063278198,2.6165094210119366,4.020892448840037,1.2,1.009366822360108
33.152,2.6075639724731445,3.994715690612793,1.027592658996582,3.587059497833252,3.996391773223877,1.7507572174072266,2.92937562847978,4.243331865917395,1.2,0.9794969593895593
33.249,2.6090292930603027,3.993008613586426,0.9924228191375732,3.554521322250366,3.886104106903076,1.7209159135818481,2.936562562655205,4.222223773234524,1.2,0.9515165530936149
33.353,2.621953248977661,4.005918025970459,0.980296790599823,3.5242831707000732,3.7645721435546875,1.6900068521499634,2.9457144625060505,4.208978742713785,1.2,0.9340487795584457
33.449,2.6502902507781982,4.029587268829346,0.9951404929161072,3.493281602859497,3.6539552211761475,1.6768481731414795,2.974598769001112,4.194706630519012,1.2,0.922894281544745
33.565,2.691223621368408,4.064220428466797,0.9362560510635376,3.446295976638794,3.5031368732452393,1.6523151397705078,3.022738628047552,4.175471490969456,1.2,0.9407172888990775
33.649,2.6921451091766357,4.062154769897461,0.8262195587158203,3.4608047008514404,3.848691701889038,1.7078438997268677,2.89678137628445,3.721079044495297,1.2,0.797749364949447
33.748,2.6507277488708496,4.0039286613464355,0.6810775995254517,3.4639663696289062,4.30737829208374,1.751907229423523,2.9768753611084824,3.7812122782113025,1.2,0.8680084865294077
33.856,2.5495765209198,3.950975179672241,0.5121781229972839,3.4492874145507812,4.375882148742676,1.7581677436828613,2.5427966656651173,3.9536564719006484,1.2,0.9950003138104442
33.949,2.421565055847168,3.9504051208496094,0.31498396396636963,3.4568755626678467,4.384812355041504,1.7707842588424683,2.5547071098162117,3.9534284393940986,1.2,1.1227544213458
34.051,2.3379194736480713,3.942671060562134,0.04903918132185936,3.459329843521118,4.38761568069458,1.7476855516433716,2.537776100089517,3.99936486232171,1.2,1.2064563533935286
34.15,2.2757389545440674,3.8722689151763916,-0.3310980796813965,3.442887783050537,4.365985870361328,1.728983759880066,2.5090692707247775,4.008238772486719,1.2,1.2672777200444696
34.251,2.2160377502441406,3.7594528198242188,-0.8104366064071655,3.4510161876678467,4.347725868225098,1.7088077068328857,2.52400067349772,3.972702886945422,1.2,1.3679316212356383
34.351,2.1477930545806885,3.60709810256958,-1.3869023323059082,3.450063943862915,4.339213848114014,1.7039995193481445,2.5449749505743693,3.9139916541636897,1.2,1.4939554658509748
34.449,2.057755947113037,3.425191879272461,-2.0430803298950195,3.4370086193084717,4.316388130187988,1.6641404628753662,2.4982539930982988,3.7999118224480055,1.2,1.6421232266197743
34.548,1.9628872871398926,3.2401864528656006,-2.8011035919189453,3.4437289237976074,4.29664421081543,1.621293544769287,2.3963809167243193,3.6381076606409595,1.2,1.8190643054030495
34.648,1.8845397233963013,3.05427622795105,-3.6770474910736084,3.456195116043091,4.279930591583252,1.5542289018630981,2.2911543976088655,3.4687487073704752,1.2,1.9930703179582985
34.749,1.8627797365188599,2.900719404220581,-4.630863189697266,3.466078281402588,4.250735282897949,1.4680978059768677,2.203539246218016,3.2956044369103807,1.2,2.095974498105191
34.847,0.0004636984958779067,-0.0003453122335486114,-0.006880759261548519,3.4680354595184326,4.180517673492432,1.3949558734893799,2.175545611555187,3.150073584880863,1.2,5.4317280144770335
34.952,0.00016598234651610255,0.0028822675812989473,-0.10365656018257141,3.4576010704040527,4.0674238204956055,1.3534588813781738,0.65,1.25,1.2,5.3361367508243704
35.048,-0.015511789359152317,0.03329472988843918,-0.3249683380126953,3.438232183456421,3.9062371253967285,1.3321136236190796,0.65,1.25,1.2,5.189222507147423
35.148,-0.04525507986545563,0.10031645745038986,-0.6727102994918823,3.4181485176086426,3.755563974380493,1.317353367805481,0.65,1.25,1.2,5.035474048093209
35.25,0.20756895840168,0.2153884917497635,-1.1088300943374634,3.396476984024048,3.591118097305298,1.2760920524597168,0.65,1.25,1.2,4.643779146955944
35.348,0.0016355453990399837,-0.004335805773735046,-0.005511882249265909,3.3751118183135986,3.449167490005493,1.250088095664978,0.65,1.25,1.2,4.827735201714723
35.448,0.07766245305538177,-0.026259522885084152,-0.06942528486251831,3.3587751388549805,3.3147075176239014,1.2406550645828247,0.65,1.25,1.2,4.682708748436361
35.552,0.30505385994911194,-0.13957332074642181,-0.24662235379219055,3.343278646469116,3.2105624675750732,1.2171188592910767,0.65,1.25,1.2,4.52263414987516
