time,cf231_x,cf231_y,cf231_z,cf231_ex,cf231_ey,cf231_ez,cf2_x,cf2_y,cf2_z,cf2_ex,cf2_ey,cf2_ez,separation_xy
0.011,1.9705896377563477,2.865690231323242,-0.35458269715309143,0.0,0.0,0.5,2.0129785537719727,3.8149924278259277,-1.3254107236862183,0.0,0.0,0.5,0.9502481152234942
0.077,1.9625433683395386,2.868032693862915,-0.3537226915359497,0.0,0.0,0.5,2.0129785537719727,3.8149924278259277,-1.3254107236862183,0.0,0.0,0.5,0.9483018747618839
0.117,1.9625433683395386,2.868032693862915,-0.3537226915359497,0.0,0.0,0.5,2.024301528930664,3.8117356300354004,-1.3392475843429565,0.0,0.0,0.5,0.9457215774952844
0.179,1.961354374885559,2.8612558841705322,-0.34596410393714905,0.0,0.0,0.5,2.024301528930664,3.8117356300354004,-1.3392475843429565,0.0,0.0,0.5,0.9525618570474689
0.221,1.961354374885559,2.8612558841705322,-0.34596410393714905,0.0,0.0,0.5,2.0259549617767334,3.8089165687561035,-1.3573040962219238,0.0,0.0,0.5,0.9498599943864768
0.276,1.952195405960083,2.874190330505371,-0.32256394624710083,0.0,0.0,0.5,2.0259549617767334,3.8089165687561035,-1.3573040962219238,0.0,0.0,0.5,0.9376319174114299
0.319,1.952195405960083,2.874190330505371,-0.32256394624710083,1.2205896377563477,2.865690231323242,0.5,2.0249814987182617,3.816439151763916,-1.3378788232803345,2.7205896377563477,2.865690231323242,0.5,0.9450559012365986
0.375,1.9447277784347534,2.867588996887207,-0.31547966599464417,1.2205896377563477,2.865690231323242,0.5,2.0249814987182617,3.816439151763916,-1.3378788232803345,2.7205896377563477,2.865690231323242,0.5,0.9522380353823818
0.437,1.9447277784347534,2.867588996887207,-0.31547966599464417,1.2205896377563477,2.865690231323242,0.5,2.024867534637451,3.8028926849365234,-1.3207342624664307,2.7205896377563477,2.865690231323242,0.5,0.9387307225199785
0.479,1.9418048858642578,2.8591456413269043,-0.3131383955478668,1.2205896377563477,2.865690231323242,0.5,2.024867534637451,3.8028926849365234,-1.3207342624664307,2.7205896377563477,2.865690231323242,0.5,0.947395316614514
0.517,1.9418048858642578,2.8591456413269043,-0.3131383955478668,1.2205896377563477,2.865690231323242,0.5,2.02860426902771,3.8031842708587646,-1.3369929790496826,2.7205896377563477,2.865690231323242,0.5,0.9480206047159254
0.576,1.9424512386322021,2.8721258640289307,-0.29267823696136475,1.2205896377563477,2.865690231323242,0.5,2.02860426902771,3.8031842708587646,-1.3369929790496826,2.7205896377563477,2.865690231323242,0.5,0.9350358825065688
0.625,1.9424512386322021,2.8721258640289307,-0.29267823696136475,1.2205896377563477,2.865690231323242,0.5,2.0234694480895996,3.8118886947631836,-1.3200228214263916,2.7205896377563477,2.865690231323242,0.5,0.943248709669586
0.677,1.9406018257141113,2.857809066772461,-0.29124021530151367,1.2205896377563477,2.865690231323242,0.5,2.0234694480895996,3.8118886947631836,-1.3200228214263916,2.7205896377563477,2.865690231323242,0.5,0.9576716448684707
0.727,1.9406018257141113,2.857809066772461,-0.29124021530151367,1.2205896377563477,2.865690231323242,0.5,2.0227317810058594,3.8101859092712402,-1.3245925903320312,2.7205896377563477,2.865690231323242,0.5,0.955911596165759
0.776,1.9449800252914429,2.8625473976135254,-0.2983059883117676,1.2205896377563477,2.865690231323242,0.5,2.0227317810058594,3.8101859092712402,-1.3245925903320312,2.7205896377563477,2.865690231323242,0.5,0.9508228459042848
0.811,1.9449800252914429,2.8625473976135254,-0.2983059883117676,1.2205896377563477,2.865690231323242,0.5,2.026179075241089,3.811246871948242,-1.3215385675430298,2.7205896377563477,2.865690231323242,0.5,0.9521680410073072
0.876,1.9457054138183594,2.8549275398254395,-0.3028147518634796,1.2205896377563477,2.865690231323242,0.5,2.026179075241089,3.811246871948242,-1.3215385675430298,2.7205896377563477,2.865690231323242,0.5,0.9596992628811296
0.91,1.9457054138183594,2.8549275398254395,-0.3028147518634796,1.2205896377563477,2.865690231323242,0.5,2.025545597076416,3.815134286880493,-1.3095250129699707,2.7205896377563477,2.865690231323242,0.5,0.9635203432998849
0.978,1.948168396949768,2.852889060974121,-0.3096895217895508,1.2205896377563477,2.865690231323242,0.5,2.025545597076416,3.815134286880493,-1.3095250129699707,2.7205896377563477,2.865690231323242,0.5,0.965351286257518
1.014,1.948168396949768,2.852889060974121,-0.3096895217895508,1.2205896377563477,2.865690231323242,0.5,2.0210683345794678,3.8092691898345947,-1.3061985969543457,2.7205896377563477,2.865690231323242,0.5,0.9591544983919902
1.077,1.9541834592819214,2.8531289100646973,-0.32530874013900757,1.2205896377563477,2.865690231323242,0.5,2.0210683345794678,3.8092691898345947,-1.3061985969543457,2.7205896377563477,2.865690231323242,0.5,0.9584768234767214
1.11,1.9541834592819214,2.8531289100646973,-0.32530874013900757,1.2205896377563477,2.865690231323242,0.5,2.023969888687134,3.8106794357299805,-1.316016435623169,2.7205896377563477,2.865690231323242,0.5,0.9600901806241895
1.175,1.963990330696106,2.8558266162872314,-0.34285691380500793,1.2205896377563477,2.865690231323242,0.5,2.023969888687134,3.8106794357299805,-1.316016435623169,2.7205896377563477,2.865690231323242,0.5,0.956734787793653
1.211,1.963990330696106,2.8558266162872314,-0.34285691380500793,1.2205896377563477,2.865690231323242,0.5,2.035182237625122,3.817976236343384,-1.3355191946029663,2.7205896377563477,2.865690231323242,0.5,0.9647798603756134
1.276,1.9816477298736572,2.8498833179473877,-0.3657916486263275,1.2205896377563477,2.865690231323242,0.5,2.035182237625122,3.817976236343384,-1.3355191946029663,2.7205896377563477,2.865690231323242,0.5,0.9695719891625729
1.31,1.9816477298736572,2.8498833179473877,-0.3657916486263275,1.2205896377563477,2.865690231323242,0.5,2.0301513671875,3.820952892303467,-1.324288010597229,2.7205896377563477,2.865690231323242,0.5,0.9722801659361202
1.376,1.9894111156463623,2.8395142555236816,-0.3950915038585663,1.2205896377563477,2.865690231323242,0.5,2.0301513671875,3.820952892303467,-1.324288010597229,2.7205896377563477,2.865690231323242,0.5,0.982283851979558
1.415,1.9894111156463623,2.8395142555236816,-0.3950915038585663,1.2205896377563477,2.865690231323242,0.5,2.0283687114715576,3.8145670890808105,-1.3321754932403564,2.7205896377563477,2.865690231323242,0.5,0.9758307857924269
1.477,2.007434129714966,2.846208095550537,-0.40664541721343994,1.2205896377563477,2.865690231323242,0.5,2.0283687114715576,3.8145670890808105,-1.3321754932403564,2.7205896377563477,2.865690231323242,0.5,0.9685852554443969
1.512,2.007434129714966,2.846208095550537,-0.40664541721343994,1.2205896377563477,2.865690231323242,0.5,2.0293121337890625,3.818479537963867,-1.330802321434021,2.7205896377563477,2.865690231323242,0.5,0.9725175601472519
1.576,2.026301383972168,2.8406920433044434,-0.4260195791721344,1.2205896377563477,2.865690231323242,0.5,2.0293121337890625,3.818479537963867,-1.330802321434021,2.7205896377563477,2.865690231323242,0.5,0.9777921299165855
1.617,2.026301383972168,2.8406920433044434,-0.4260195791721344,1.2205896377563477,2.865690231323242,0.5,2.0264506340026855,3.8170440196990967,-1.3417984247207642,2.7205896377563477,2.865690231323242,0.5,0.9763519878022051
1.674,2.00707745552063,2.871743679046631,-0.38783594965934753,1.2205896377563477,2.865690231323242,0.5,2.0264506340026855,3.8170440196990967,-1.3417984247207642,2.7205896377563477,2.865690231323242,0.5,0.9454988387524151
1.714,2.00707745552063,2.871743679046631,-0.38783594965934753,1.2205896377563477,2.865690231323242,0.5,2.021362543106079,3.816494941711426,-1.3387280702590942,2.7205896377563477,2.865690231323242,0.5,0.9448592551454679
1.776,1.991957187652588,2.897315740585327,-0.3882319927215576,1.2205896377563477,2.865690231323242,0.5,2.021362543106079,3.816494941711426,-1.3387280702590942,2.7205896377563477,2.865690231323242,0.5,0.9196494325079307
1.816,1.991957187652588,2.897315740585327,-0.3882319927215576,1.2205896377563477,2.865690231323242,0.5,2.017272710800171,3.81561017036438,-1.3066269159317017,2.7205896377563477,2.865690231323242,0.5,0.9186433124316921
1.888,1.9862515926361084,2.9508917331695557,-0.3564006984233856,1.2205896377563477,2.865690231323242,0.5,2.017272710800171,3.81561017036438,-1.3066269159317017,2.7205896377563477,2.865690231323242,0.5,0.8652746878285577
1.915,1.9862515926361084,2.9508917331695557,-0.3564006984233856,1.2205896377563477,2.865690231323242,0.5,2.0235633850097656,3.823641538619995,-1.3408479690551758,2.7205896377563477,2.865690231323242,0.5,0.8735470180613719
1.974,1.9635618925094604,2.984611749649048,-0.3252231776714325,1.2205896377563477,2.865690231323242,0.5,2.0235633850097656,3.823641538619995,-1.3408479690551758,2.7205896377563477,2.865690231323242,0.5,0.8411724947256041
2.026,1.9635618925094604,2.984611749649048,-0.3252231776714325,1.2205896377563477,2.865690231323242,0.5,2.0202689170837402,3.823798656463623,-1.350550889968872,2.7205896377563477,2.865690231323242,0.5,0.8411006784000845
2.077,1.9615497589111328,3.011542558670044,-0.26276594400405884,1.2205896377563477,2.865690231323242,0.5,2.0202689170837402,3.823798656463623,-1.350550889968872,2.7205896377563477,2.865690231323242,0.5,0.8143757780897907
2.109,1.9615497589111328,3.011542558670044,-0.26276594400405884,1.2205896377563477,2.865690231323242,0.5,2.019946336746216,3.824827194213867,-1.3570313453674316,2.7205896377563477,2.865690231323242,0.5,0.8153784757488379
2.177,1.9592939615249634,3.0122158527374268,-0.19255761802196503,1.2205896377563477,2.865690231323242,0.5,2.019946336746216,3.824827194213867,-1.3570313453674316,2.7205896377563477,2.865690231323242,0.5,0.8148717094832288
2.209,1.9592939615249634,3.0122158527374268,-0.19255761802196503,1.2205896377563477,2.865690231323242,0.5,2.024428129196167,3.825834035873413,-1.3611629009246826,2.7205896377563477,2.865690231323242,0.5,0.8162211757408183
2.274,1.9783161878585815,2.9930732250213623,-0.12754686176776886,1.2205896377563477,2.865690231323242,0.5,2.024428129196167,3.825834035873413,-1.3611629009246826,2.7205896377563477,2.865690231323242,0.5,0.8340364975376593
2.308,1.9783161878585815,2.9930732250213623,-0.12754686176776886,1.2205896377563477,2.865690231323242,0.5,2.024425506591797,3.8183207511901855,-1.3537862300872803,2.7205896377563477,2.865690231323242,0.5,0.8265346627467016
2.379,1.9903658628463745,2.9376697540283203,-0.07071655988693237,1.2205896377563477,2.865690231323242,0.5,2.024425506591797,3.8183207511901855,-1.3537862300872803,2.7205896377563477,2.865690231323242,0.5,0.8813093884296551
2.41,1.9903658628463745,2.9376697540283203,-0.07071655988693237,1.2205896377563477,2.865690231323242,0.5,2.029773712158203,3.8249759674072266,-1.345587134361267,2.7205896377563477,2.865690231323242,0.5,0.8881808908596249
2.482,2.0008323192596436,2.8756234645843506,0.03800014778971672,1.2205896377563477,2.865690231323242,0.5,2.029773712158203,3.8249759674072266,-1.345587134361267,2.7205896377563477,2.865690231323242,0.5,0.9497935453765558
2.514,2.0008323192596436,2.8756234645843506,0.03800014778971672,1.2205896377563477,2.865690231323242,0.5,2.0307223796844482,3.8218867778778076,-1.3519859313964844,2.7205896377563477,2.865690231323242,0.5,0.9467352712333631
2.574,2.0106089115142822,2.835927724838257,0.20139092206954956,1.2205896377563477,2.865690231323242,0.5,2.0307223796844482,3.8218867778778076,-1.3519859313964844,2.7205896377563477,2.865690231323242,0.5,0.9861641880906444
2.609,2.0106089115142822,2.835927724838257,0.20139092206954956,1.2205896377563477,2.865690231323242,0.5,2.0269875526428223,3.8160691261291504,-1.334185004234314,2.7205896377563477,2.865690231323242,0.5,0.9802782392819367
2.675,2.0052342414855957,2.803114652633667,0.32416820526123047,1.2205896377563477,2.865690231323242,0.5,2.0269875526428223,3.8160691261291504,-1.334185004234314,2.7205896377563477,2.865690231323242,0.5,1.013188023972261
2.715,2.0052342414855957,2.803114652633667,0.32416820526123047,1.2205896377563477,2.865690231323242,0.5,2.0224955081939697,3.8170714378356934,-1.3503412008285522,2.7205896377563477,2.865690231323242,0.5,1.014103699621299
2.774,2.0142650604248047,2.7687582969665527,0.43249842524528503,1.2205896377563477,2.865690231323242,0.5,2.0224955081939697,3.8170714378356934,-1.3503412008285522,2.7205896377563477,2.865690231323242,0.5,1.0483454495486704
2.809,2.0142650604248047,2.7687582969665527,0.43249842524528503,1.2205896377563477,2.865690231323242,0.5,2.014406204223633,3.8227622509002686,-1.3419709205627441,2.7205896377563477,2.865690231323242,0.5,1.0540039633841414
2.88,2.0221099853515625,2.779897689819336,0.4686756134033203,1.2205896377563477,2.865690231323242,0.5,2.014406204223633,3.8227622509002686,-1.3419709205627441,2.7205896377563477,2.865690231323242,0.5,1.0428930151277231
2.915,2.0221099853515625,2.779897689819336,0.4686756134033203,1.2205896377563477,2.865690231323242,0.5,2.0085134506225586,3.8233771324157715,-1.337331771850586,2.7205896377563477,2.865690231323242,0.5,1.0435680202449693
2.976,2.004711866378784,2.805183172225952,0.5115558505058289,1.2205896377563477,2.865690231323242,0.5,2.0085134506225586,3.8233771324157715,-1.337331771850586,2.7205896377563477,2.865690231323242,0.5,1.0182010570657398
3.01,2.004711866378784,2.805183172225952,0.5115558505058289,1.2205896377563477,2.865690231323242,0.5,2.007340908050537,3.829342842102051,-1.3256025314331055,2.7205896377563477,2.865690231323242,0.5,1.0241630442760719
3.076,1.9855962991714478,2.831207752227783,0.5130037069320679,1.2205896377563477,2.865690231323242,0.5,2.007340908050537,3.829342842102051,-1.3256025314331055,2.7205896377563477,2.865690231323242,0.5,0.9983719175004958
3.11,1.9855962991714478,2.831207752227783,0.5130037069320679,1.2205896377563477,2.865690231323242,0.5,2.0087761878967285,3.828223705291748,-1.3230687379837036,2.7205896377563477,2.865690231323242,0.5,0.9972853743564891
3.174,1.9677050113677979,2.861006498336792,0.5149974822998047,1.2205896377563477,2.865690231323242,0.5,2.0087761878967285,3.828223705291748,-1.3230687379837036,2.7205896377563477,2.865690231323242,0.5,0.9680888218398231
3.208,1.9677050113677979,2.861006498336792,0.5149974822998047,1.2205896377563477,2.865690231323242,0.5,2.0074713230133057,3.8229963779449463,-1.313483715057373,2.7205896377563477,2.865690231323242,0.5,0.9628114498749996
3.274,1.93714439868927,2.8983006477355957,0.5232996940612793,1.2205896377563477,2.865690231323242,0.5,2.0074713230133057,3.8229963779449463,-1.313483715057373,2.7205896377563477,2.865690231323242,0.5,0.9273662004582023
3.312,1.93714439868927,2.8983006477355957,0.5232996940612793,1.2205896377563477,2.865690231323242,0.5,2.009596586227417,3.815077304840088,-1.331107258796692,2.7205896377563477,2.865690231323242,0.5,0.9196351224756211
3.374,1.9108996391296387,2.927203893661499,0.5123211741447449,1.2205896377563477,2.865690231323242,0.5,2.009596586227417,3.815077304840088,-1.331107258796692,2.7205896377563477,2.865690231323242,0.5,0.8933421973937675
3.406,1.9108996391296387,2.927203893661499,0.5123211741447449,1.2205896377563477,2.865690231323242,0.5,2.0088911056518555,3.8107383251190186,-1.3177794218063354,2.7205896377563477,2.865690231323242,0.5,0.8889518654472451
3.474,1.8885316848754883,2.951948642730713,0.5085177421569824,1.2205896377563477,2.865690231323242,0.5,2.0088911056518555,3.8107383251190186,-1.3177794218063354,2.7205896377563477,2.865690231323242,0.5,0.8671828577331482
3.51,1.8885316848754883,2.951948642730713,0.5085177421569824,1.2205896377563477,2.865690231323242,0.5,2.011408567428589,3.8109171390533447,-1.325165867805481,2.7205896377563477,2.865690231323242,0.5,0.8677128591537246
3.574,1.8691858053207397,2.9754574298858643,0.5286124348640442,1.2205896377563477,2.865690231323242,0.5,2.011408567428589,3.8109171390533447,-1.325165867805481,2.7205896377563477,2.865690231323242,0.5,0.8474787547212006
3.609,1.8691858053207397,2.9754574298858643,0.5286124348640442,1.2205896377563477,2.865690231323242,0.5,2.0071306228637695,3.812303066253662,-1.3250555992126465,2.7205896377563477,2.865690231323242,0.5,0.8481387809756162
3.673,1.856119155883789,2.983755111694336,0.5320726037025452,1.2205896377563477,2.865690231323242,0.5,2.0071306228637695,3.812303066253662,-1.3250555992126465,2.7205896377563477,2.865690231323242,0.5,0.8421972311542523
3.713,1.856119155883789,2.983755111694336,0.5320726037025452,1.2205896377563477,2.865690231323242,0.5,2.0064303874969482,3.808847188949585,-1.3237581253051758,2.7205896377563477,2.865690231323242,0.5,0.838671808455755
3.775,1.8502694368362427,2.9913856983184814,0.5308992266654968,1.2205896377563477,2.865690231323242,0.5,2.0064303874969482,3.808847188949585,-1.3237581253051758,2.7205896377563477,2.865690231323242,0.5,0.8322436729564732
3.81,1.8502694368362427,2.9913856983184814,0.5308992266654968,1.2205896377563477,2.865690231323242,0.5,2.0097861289978027,3.8082735538482666,-1.3199315071105957,2.7205896377563477,2.865690231323242,0.5,0.8323168528812913
3.874,1.859792709350586,2.979874849319458,0.5178595781326294,1.2205896377563477,2.865690231323242,0.5,2.0097861289978027,3.8082735538482666,-1.3199315071105957,2.7205896377563477,2.865690231323242,0.5,0.8418684217872021
3.913,1.859792709350586,2.979874849319458,0.5178595781326294,1.2205896377563477,2.865690231323242,0.5,2.003002166748047,3.816070079803467,-1.312259316444397,2.7205896377563477,2.865690231323242,0.5,0.8483698557659152
3.974,1.8830355405807495,2.9757802486419678,0.5279651880264282,1.2205896377563477,2.865690231323242,0.5,2.003002166748047,3.816070079803467,-1.312259316444397,2.7205896377563477,2.865690231323242,0.5,0.8488103390907681
4.01,1.8830355405807495,2.9757802486419678,0.5279651880264282,1.2205896377563477,2.865690231323242,0.5,2.008265256881714,3.81706166267395,-1.3484715223312378,2.7205896377563477,2.865690231323242,0.5,0.8505509387687911
4.074,1.887981653213501,2.977595806121826,0.5397405624389648,1.2205896377563477,2.865690231323242,0.5,2.008265256881714,3.81706166267395,-1.3484715223312378,2.7205896377563477,2.865690231323242,0.5,0.8480395448492971
4.112,1.887981653213501,2.977595806121826,0.5397405624389648,1.2205896377563477,2.865690231323242,0.5,2.016772985458374,3.817211866378784,-1.3349124193191528,2.7205896377563477,2.865690231323242,0.5,0.8494364813821131
4.173,1.900081753730774,2.987478494644165,0.5463699698448181,1.2205896377563477,2.865690231323242,0.5,2.016772985458374,3.817211866378784,-1.3349124193191528,2.7205896377563477,2.865690231323242,0.5,0.8378987478998904
4.209,1.900081753730774,2.987478494644165,0.5463699698448181,1.2205896377563477,2.865690231323242,0.5,2.0081262588500977,3.8179149627685547,-1.33958899974823,2.7205896377563477,2.865690231323242,0.5,0.8374355752399046
4.273,1.9181666374206543,2.987844228744507,0.5422255992889404,1.2205896377563477,2.865690231323242,0.5,2.0081262588500977,3.8179149627685547,-1.33958899974823,2.7205896377563477,2.865690231323242,0.5,0.8349312288871164
4.316,1.9181666374206543,2.987844228744507,0.5422255992889404,1.2205896377563477,2.865690231323242,0.5,2.0170514583587646,3.8190057277679443,-1.335623860359192,2.7205896377563477,2.865690231323242,0.5,0.8370230852675749
4.373,1.944179654121399,2.982264518737793,0.5343492031097412,1.2205896377563477,2.865690231323242,0.5,2.0170514583587646,3.8190057277679443,-1.335623860359192,2.7205896377563477,2.865690231323242,0.5,0.8399084180683323
4.413,1.944179654121399,2.982264518737793,0.5343492031097412,1.2205896377563477,2.865690231323242,0.5,2.013951301574707,3.813459634780884,-1.3433947563171387,2.7205896377563477,2.865690231323242,0.5,0.8341183391595199
4.472,1.9675785303115845,2.973724842071533,0.5454754829406738,1.2205896377563477,2.865690231323242,0.5,2.013951301574707,3.813459634780884,-1.3433947563171387,2.7205896377563477,2.865690231323242,0.5,0.8410142424485081
4.512,1.9675785303115845,2.973724842071533,0.5454754829406738,1.2205896377563477,2.865690231323242,0.5,2.018300771713257,3.8194379806518555,-1.3388118743896484,2.7205896377563477,2.865690231323242,0.5,0.8472328242816073
4.573,1.9957096576690674,2.9550790786743164,0.5541056394577026,1.2205896377563477,2.865690231323242,0.5,2.018300771713257,3.8194379806518555,-1.3388118743896484,2.7205896377563477,2.865690231323242,0.5,0.864654075258756
4.612,1.9957096576690674,2.9550790786743164,0.5541056394577026,1.2205896377563477,2.865690231323242,0.5,2.0236623287200928,3.8179590702056885,-1.3580048084259033,2.7205896377563477,2.865690231323242,0.5,0.8633326309158409
4.672,2.028667449951172,2.9322407245635986,0.5570996999740601,1.2205896377563477,2.865690231323242,0.5,2.0236623287200928,3.8179590702056885,-1.3580048084259033,2.7205896377563477,2.865690231323242,0.5,0.8857324872925788
4.715,2.028667449951172,2.9322407245635986,0.5570996999740601,1.2205896377563477,2.865690231323242,0.5,2.01450252532959,3.812960624694824,-1.3605836629867554,2.7205896377563477,2.865690231323242,0.5,0.8808338024716644
4.773,2.046527624130249,2.895871877670288,0.585914671421051,1.2205896377563477,2.865690231323242,0.5,2.01450252532959,3.812960624694824,-1.3605836629867554,2.7205896377563477,2.865690231323242,0.5,0.9176477411688134
4.819,2.046527624130249,2.895871877670288,0.585914671421051,1.2205896377563477,2.865690231323242,0.5,2.023670196533203,3.8127946853637695,-1.350842833518982,2.7205896377563477,2.865690231323242,0.5,0.9172076631084431
4.874,2.0669119358062744,2.852139949798584,0.6068781018257141,1.2205896377563477,2.865690231323242,0.5,2.023670196533203,3.8127946853637695,-1.350842833518982,2.7205896377563477,2.865690231323242,0.5,0.9616274585197622
4.93,2.0669119358062744,2.852139949798584,0.6068781018257141,1.2205896377563477,2.865690231323242,0.5,2.0224695205688477,3.8101189136505127,-1.3605390787124634,2.7205896377563477,2.865690231323242,0.5,0.9590092926843571
4.972,2.0843915939331055,2.824958562850952,0.6426252722740173,1.2205896377563477,2.865690231323242,0.5,2.0224695205688477,3.8101189136505127,-1.3605390787124634,2.7205896377563477,2.865690231323242,0.5,0.9871044827966499
5.02,2.0843915939331055,2.824958562850952,0.6426252722740173,1.2205896377563477,2.865690231323242,0.5,2.0212671756744385,3.8131532669067383,-1.336796522140503,2.7205896377563477,2.865690231323242,0.5,0.9902087988421421
5.076,2.0820610523223877,2.7916879653930664,0.6669940948486328,1.2205896377563477,2.865690231323242,0.5,2.0212671756744385,3.8131532669067383,-1.336796522140503,2.7205896377563477,2.865690231323242,0.5,1.0232728168158787
5.11,2.0820610523223877,2.7916879653930664,0.6669940948486328,1.2205896377563477,2.865690231323242,0.5,2.0212228298187256,3.810783863067627,-1.345631718635559,2.7205896377563477,2.865690231323242,0.5,1.0209102497156757
5.175,2.066403388977051,2.774462938308716,0.688849687576294,1.2205896377563477,2.865690231323242,0.5,2.0212228298187256,3.810783863067627,-1.345631718635559,2.7205896377563477,2.865690231323242,0.5,1.0373053272874981
5.213,2.066403388977051,2.774462938308716,0.688849687576294,1.2205896377563477,2.865690231323242,0.5,2.0169103145599365,3.8060009479522705,-1.3497995138168335,2.7205896377563477,2.865690231323242,0.5,1.0327246630901405
5.275,2.046753168106079,2.774022340774536,0.7058484554290771,1.2205896377563477,2.865690231323242,0.5,2.0169103145599365,3.8060009479522705,-1.3497995138168335,2.7205896377563477,2.865690231323242,0.5,1.0324100162146206
5.312,2.046753168106079,2.774022340774536,0.7058484554290771,1.2205896377563477,2.865690231323242,0.5,2.023749828338623,3.8182291984558105,-1.3389676809310913,2.7205896377563477,2.865690231323242,0.5,1.0444602028172536
5.375,2.03316068649292,2.773634672164917,0.702448308467865,1.2205896377563477,2.865690231323242,0.5,2.023749828338623,3.8182291984558105,-1.3389676809310913,2.7205896377563477,2.865690231323242,0.5,1.0446369171190997
5.407,2.03316068649292,2.773634672164917,0.702448308467865,1.2205896377563477,2.865690231323242,0.5,2.026583433151245,3.811934232711792,-1.348202109336853,2.7205896377563477,2.865690231323242,0.5,1.038320392602088
5.472,2.006028890609741,2.7696192264556885,0.6896147131919861,1.2205896377563477,2.865690231323242,0.5,2.026583433151245,3.811934232711792,-1.348202109336853,2.7205896377563477,2.865690231323242,0.5,1.0425176552393498
5.508,2.006028890609741,2.7696192264556885,0.6896147131919861,1.2205896377563477,2.865690231323242,0.5,2.0289080142974854,3.8092586994171143,-1.3594355583190918,2.7205896377563477,2.865690231323242,0.5,1.0398911904811148
5.573,1.9807043075561523,2.7846357822418213,0.6504448652267456,1.2205896377563477,2.865690231323242,0.5,2.0289080142974854,3.8092586994171143,-1.3594355583190918,2.7205896377563477,2.865690231323242,0.5,1.0257561697325597
5.606,1.9807043075561523,2.7846357822418213,0.6504448652267456,1.2205896377563477,2.865690231323242,0.5,2.0287718772888184,3.8033344745635986,-1.3524603843688965,2.7205896377563477,2.865690231323242,0.5,1.0198321023571006
5.673,1.9623980522155762,2.793511152267456,0.6148382425308228,1.2205896377563477,2.865690231323242,0.5,2.0287718772888184,3.8033344745635986,-1.3524603843688965,2.7205896377563477,2.865690231323242,0.5,1.0120022860191928
5.706,1.9623980522155762,2.793511152267456,0.6148382425308228,1.2205896377563477,2.865690231323242,0.5,2.0290277004241943,3.803086042404175,-1.3547686338424683,2.7205896377563477,2.865690231323242,0.5,1.0117712037881745
5.773,1.9377551078796387,2.810969114303589,0.594097375869751,1.2205896377563477,2.865690231323242,0.5,2.0290277004241943,3.803086042404175,-1.3547686338424683,2.7205896377563477,2.865690231323242,0.5,0.9963065216957819
5.805,1.9377551078796387,2.810969114303589,0.594097375869751,1.2205896377563477,2.865690231323242,0.5,2.0280332565307617,3.8071534633636475,-1.3408511877059937,2.7205896377563477,2.865690231323242,0.5,1.0002666651628889
5.873,1.9139474630355835,2.8093059062957764,0.5763421654701233,1.2205896377563477,2.865690231323242,0.5,2.0280332565307617,3.8071534633636475,-1.3408511877059937,2.7205896377563477,2.865690231323242,0.5,1.0043482042716771
5.904,1.9139474630355835,2.8093059062957764,0.5763421654701233,1.2205896377563477,2.865690231323242,0.5,2.0265371799468994,3.811654567718506,-1.3751455545425415,2.7205896377563477,2.865690231323242,0.5,1.0086522113246508
5.974,1.9022411108016968,2.7966761589050293,0.5795717835426331,1.2205896377563477,2.865690231323242,0.5,2.0265371799468994,3.811654567718506,-1.3751455545425415,2.7205896377563477,2.865690231323242,0.5,1.0225608457018516
6.007,1.9022411108016968,2.7966761589050293,0.5795717835426331,1.2205896377563477,2.865690231323242,0.5,2.025352716445923,3.8135030269622803,-1.3879599571228027,2.7205896377563477,2.865690231323242,0.5,1.0242525797123567
6.072,1.8855290412902832,2.7695553302764893,0.5900186896324158,1.2205896377563477,2.865690231323242,0.5,2.025352716445923,3.8135030269622803,-1.3879599571228027,2.7205896377563477,2.865690231323242,0.5,1.053269886377465
6.115,1.8855290412902832,2.7695553302764893,0.5900186896324158,1.2205896377563477,2.865690231323242,0.5,2.0274529457092285,3.809174060821533,-1.3804125785827637,2.7205896377563477,2.865690231323242,0.5,1.0492614066788155
6.178,1.8732407093048096,2.7611448764801025,0.5956379771232605,1.2205896377563477,2.865690231323242,0.5,2.0274529457092285,3.809174060821533,-1.3804125785827637,2.7205896377563477,2.865690231323242,0.5,1.0593142050818618
6.21,1.8732407093048096,2.7611448764801025,0.5956379771232605,1.2205896377563477,2.865690231323242,0.5,2.0233757495880127,3.80816650390625,-1.380116581916809,2.7205896377563477,2.865690231323242,0.5,1.0577309764864302
6.281,1.8586841821670532,2.757319927215576,0.6312026977539062,1.2205896377563477,2.865690231323242,0.5,2.0233757495880127,3.80816650390625,-1.380116581916809,2.7205896377563477,2.865690231323242,0.5,1.063673747030583
6.31,1.8586841821670532,2.757319927215576,0.6312026977539062,1.2205896377563477,2.865690231323242,0.5,2.0197739601135254,3.8202483654022217,-1.3611823320388794,2.7205896377563477,2.865690231323242,0.5,1.0750659427517668
6.373,1.8331409692764282,2.743523359298706,0.6406505703926086,1.2205896377563477,2.865690231323242,0.5,2.0197739601135254,3.8202483654022217,-1.3611823320388794,2.7205896377563477,2.865690231323242,0.5,1.092780221287618
6.421,1.8331409692764282,2.743523359298706,0.6406505703926086,1.2205896377563477,2.865690231323242,0.5,2.0180232524871826,3.8188974857330322,-1.38484525680542,2.7205896377563477,2.865690231323242,0.5,1.0911512133749437
6.474,1.805516242980957,2.7444684505462646,0.648102343082428,1.2205896377563477,2.865690231323242,0.5,2.0180232524871826,3.8188974857330322,-1.38484525680542,2.7205896377563477,2.865690231323242,0.5,1.0952428866427972
6.504,1.805516242980957,2.7444684505462646,0.648102343082428,1.2205896377563477,2.865690231323242,0.5,2.0187606811523438,3.816093921661377,-1.3722059726715088,2.7205896377563477,2.865690231323242,0.5,1.0926364174572056
6.571,1.7768499851226807,2.753739356994629,0.6348620653152466,1.2205896377563477,2.865690231323242,0.5,2.0187606811523438,3.816093921661377,-1.3722059726715088,2.7205896377563477,2.865690231323242,0.5,1.0895494508840944
6.605,1.7768499851226807,2.753739356994629,0.6348620653152466,1.2205896377563477,2.865690231323242,0.5,2.0188465118408203,3.814683437347412,-1.3629390001296997,2.7205896377563477,2.865690231323242,0.5,1.088193301109346
6.675,1.7361217737197876,2.7567708492279053,0.6326830983161926,1.2205896377563477,2.865690231323242,0.5,2.0188465118408203,3.814683437347412,-1.3629390001296997,2.7205896377563477,2.865690231323242,0.5,1.095039872172388
6.704,1.7361217737197876,2.7567708492279053,0.6326830983161926,1.2205896377563477,2.865690231323242,0.5,2.017599105834961,3.812615156173706,-1.3545951843261719,2.7205896377563477,2.865690231323242,0.5,1.0927198584287439
6.771,1.6882314682006836,2.7683300971984863,0.6349790692329407,1.2205896377563477,2.865690231323242,0.5,2.017599105834961,3.812615156173706,-1.3545951843261719,2.7205896377563477,2.865690231323242,0.5,1.0949951256145676
6.805,1.6882314682006836,2.7683300971984863,0.6349790692329407,1.2205896377563477,2.865690231323242,0.5,2.023247718811035,3.815856695175171,-1.325692057609558,2.7205896377563477,2.865690231323242,0.5,1.0997944633619612
6.873,1.6382331848144531,2.7857162952423096,0.6259709000587463,1.2205896377563477,2.865690231323242,0.5,2.023247718811035,3.815856695175171,-1.325692057609558,2.7205896377563477,2.865690231323242,0.5,1.0997388030630004
6.904,1.6382331848144531,2.7857162952423096,0.6259709000587463,1.2205896377563477,2.865690231323242,0.5,2.022322416305542,3.8177340030670166,-1.3296713829040527,2.7205896377563477,2.865690231323242,0.5,1.101174412620988
6.97,1.5909302234649658,2.7918176651000977,0.6092569231987,1.2205896377563477,2.865690231323242,0.5,2.022322416305542,3.8177340030670166,-1.3296713829040527,2.7205896377563477,2.865690231323242,0.5,1.1129256743157894
7.007,1.5909302234649658,2.7918176651000977,0.6092569231987,1.2205896377563477,2.865690231323242,0.5,2.0185470581054688,3.821664571762085,-1.341579556465149,2.7205896377563477,2.865690231323242,0.5,1.1150967708809971
7.071,1.556876540184021,2.7896220684051514,0.5836836099624634,1.2205896377563477,2.865690231323242,0.5,2.0185470581054688,3.821664571762085,-1.341579556465149,2.7205896377563477,2.865690231323242,0.5,1.130597804638371
7.106,1.556876540184021,2.7896220684051514,0.5836836099624634,1.2205896377563477,2.865690231323242,0.5,2.0184385776519775,3.825079917907715,-1.316490650177002,2.7205896377563477,2.865690231323242,0.5,1.1336721186163328
7.172,1.5219357013702393,2.796743631362915,0.55714350938797,1.2205896377563477,2.865690231323242,0.5,2.0184385776519775,3.825079917907715,-1.316490650177002,2.7205896377563477,2.865690231323242,0.5,1.1419240887120246
7.206,1.5219357013702393,2.796743631362915,0.55714350938797,1.2205896377563477,2.865690231323242,0.5,2.017030715942383,3.8191311359405518,-1.321102261543274,2.7205896377563477,2.865690231323242,0.5,1.1359556694566377
7.273,1.4697593450546265,2.8111839294433594,0.5538513660430908,1.2205896377563477,2.865690231323242,0.5,2.017030715942383,3.8191311359405518,-1.321102261543274,2.7205896377563477,2.865690231323242,0.5,1.146936582588095
7.305,1.4697593450546265,2.8111839294433594,0.5538513660430908,1.2205896377563477,2.865690231323242,0.5,2.0189871788024902,3.8206911087036133,-1.3224440813064575,2.7205896377563477,2.865690231323242,0.5,1.1492414708586554
7.373,1.4245661497116089,2.825601577758789,0.5465246438980103,1.2205896377563477,2.865690231323242,0.5,2.0189871788024902,3.8206911087036133,-1.3224440813064575,2.7205896377563477,2.865690231323242,0.5,1.1591115280340596
7.404,1.4245661497116089,2.825601577758789,0.5465246438980103,1.2205896377563477,2.865690231323242,0.5,2.025691032409668,3.821021556854248,-1.3233047723770142,2.7205896377563477,2.865690231323242,0.5,1.1628465330305453
7.472,1.3746397495269775,2.8459136486053467,0.5417225360870361,1.2205896377563477,2.865690231323242,0.5,2.025691032409668,3.821021556854248,-1.3233047723770142,2.7205896377563477,2.865690231323242,0.5,1.1724773795996002
7.505,1.3746397495269775,2.8459136486053467,0.5417225360870361,1.2205896377563477,2.865690231323242,0.5,2.027385711669922,3.8148820400238037,-1.3322371244430542,2.7205896377563477,2.865690231323242,0.5,1.1683223162560878
7.572,1.3243491649627686,2.866213321685791,0.5328733921051025,1.2205896377563477,2.865690231323242,0.5,2.027385711669922,3.8148820400238037,-1.3322371244430542,2.7205896377563477,2.865690231323242,0.5,1.18077632223847
7.606,1.3243491649627686,2.866213321685791,0.5328733921051025,1.2205896377563477,2.865690231323242,0.5,2.030651569366455,3.8207550048828125,-1.3289116621017456,2.7205896377563477,2.865690231323242,0.5,1.187439645382885
7.671,1.2721410989761353,2.88759183883667,0.5336376428604126,1.2205896377563477,2.865690231323242,0.5,2.030651569366455,3.8207550048828125,-1.3289116621017456,2.7205896377563477,2.865690231323242,0.5,1.2025521311598117
7.703,1.2721410989761353,2.88759183883667,0.5336376428604126,1.2205896377563477,2.865690231323242,0.5,2.0257973670959473,3.8180248737335205,-1.3243893384933472,2.7205896377563477,2.865690231323242,0.5,1.1973735435960016
7.771,1.2379670143127441,2.9091386795043945,0.5318364500999451,1.2205896377563477,2.865690231323242,0.5,2.0257973670959473,3.8180248737335205,-1.3243893384933472,2.7205896377563477,2.865690231323242,0.5,1.2028095355569854
7.807,1.2379670143127441,2.9091386795043945,0.5318364500999451,1.2205896377563477,2.865690231323242,0.5,2.0204215049743652,3.807396650314331,-1.3271905183792114,2.7205896377563477,2.865690231323242,0.5,1.191260849721891
7.87,1.2188270092010498,2.9225804805755615,0.5120012164115906,1.2205896377563477,2.865690231323242,0.5,2.0204215049743652,3.807396650314331,-1.3271905183792114,2.7205896377563477,2.865690231323242,0.5,1.193923527653787
7.905,1.2188270092010498,2.9225804805755615,0.5120012164115906,1.2205896377563477,2.865690231323242,0.5,2.0299596786499023,3.8039705753326416,-1.3319153785705566,2.7205896377563477,2.865690231323242,0.5,1.1978249899643587
7.97,1.207280158996582,2.939384698867798,0.5034365057945251,1.2205896377563477,2.865690231323242,0.5,2.0299596786499023,3.8039705753326416,-1.3319153785705566,2.7205896377563477,2.865690231323242,0.5,1.1934447326288302
8.005,1.207280158996582,2.939384698867798,0.5034365057945251,1.2205896377563477,2.865690231323242,0.5,2.0387837886810303,3.808889389038086,-1.3413546085357666,2.7205896377563477,2.865690231323242,0.5,1.2030946315259414
8.071,1.214674949645996,2.966006278991699,0.49883657693862915,1.2205896377563477,2.865690231323242,0.5,2.0387837886810303,3.808889389038086,-1.3413546085357666,2.7205896377563477,2.865690231323242,0.5,1.1788160652863284
8.116,1.214674949645996,2.966006278991699,0.49883657693862915,1.2205896377563477,2.865690231323242,0.5,2.0375139713287354,3.801933765411377,-1.3392045497894287,2.7205896377563477,2.865690231323242,0.5,1.1729615586862716
8.171,1.2290602922439575,2.977318048477173,0.4974662661552429,1.2205896377563477,2.865690231323242,0.5,2.0375139713287354,3.801933765411377,-1.3392045497894287,2.7205896377563477,2.865690231323242,0.5,1.154810993990196
8.214,1.2290602922439575,2.977318048477173,0.4974662661552429,1.2205896377563477,2.865690231323242,0.5,2.041264533996582,3.8078837394714355,-1.3360636234283447,2.7205896377563477,2.865690231323242,0.5,1.1616863162565585
8.274,1.2391762733459473,3.003732204437256,0.5031054615974426,1.2205896377563477,2.865690231323242,0.5,2.041264533996582,3.8078837394714355,-1.3360636234283447,2.7205896377563477,2.865690231323242,0.5,1.1357839887810481
8.304,1.2391762733459473,3.003732204437256,0.5031054615974426,1.2205896377563477,2.865690231323242,0.5,2.033149003982544,3.8043336868286133,-1.3227852582931519,2.7205896377563477,2.865690231323242,0.5,1.127543981670681
8.37,1.2542263269424438,3.026336669921875,0.5080186128616333,1.2205896377563477,2.865690231323242,0.5,2.033149003982544,3.8043336868286133,-1.3227852582931519,2.7205896377563477,2.865690231323242,0.5,1.1009086679298605
8.408,1.2542263269424438,3.026336669921875,0.5080186128616333,1.2205896377563477,2.865690231323242,0.5,2.036747455596924,3.8036794662475586,-1.3373020887374878,2.7205896377563477,2.865690231323242,0.5,1.102996436889129
8.472,1.2742196321487427,3.03581166267395,0.5070968270301819,1.2205896377563477,2.865690231323242,0.5,2.036747455596924,3.8036794662475586,-1.3373020887374878,2.7205896377563477,2.865690231323242,0.5,1.0821597133961225
8.505,1.2742196321487427,3.03581166267395,0.5070968270301819,1.2205896377563477,2.865690231323242,0.5,2.037095546722412,3.8059380054473877,-1.3351314067840576,2.7205896377563477,2.865690231323242,0.5,1.08400841549787
8.572,1.2842917442321777,3.0302770137786865,0.5013176798820496,1.2205896377563477,2.865690231323242,0.5,2.037095546722412,3.8059380054473877,-1.3351314067840576,2.7205896377563477,2.865690231323242,0.5,1.080908663597544
8.614,1.2842917442321777,3.0302770137786865,0.5013176798820496,1.2205896377563477,2.865690231323242,0.5,2.0440659523010254,3.806776285171509,-1.3687629699707031,2.7205896377563477,2.865690231323242,0.5,1.086373768884461
8.67,1.28891921043396,3.0328361988067627,0.5027046203613281,1.2205896377563477,2.865690231323242,0.5,2.0440659523010254,3.806776285171509,-1.3687629699707031,2.7205896377563477,2.865690231323242,0.5,1.0813093262497624
8.711,1.28891921043396,3.0328361988067627,0.5027046203613281,1.2205896377563477,2.865690231323242,0.5,2.0416269302368164,3.802272319793701,-1.3756535053253174,2.7205896377563477,2.865690231323242,0.5,1.0763832290268378
8.772,1.2838428020477295,3.0074985027313232,0.4978078007698059,1.2205896377563477,2.865690231323242,0.5,2.0416269302368164,3.802272319793701,-1.3756535053253174,2.7205896377563477,2.865690231323242,0.5,1.0981357863320895
8.814,1.2838428020477295,3.0074985027313232,0.4978078007698059,1.2205896377563477,2.865690231323242,0.5,2.045375347137451,3.8017451763153076,-1.362113356590271,2.7205896377563477,2.865690231323242,0.5,1.1003452166161551
8.87,1.2799195051193237,2.9853708744049072,0.5004557371139526,1.2205896377563477,2.865690231323242,0.5,2.045375347137451,3.8017451763153076,-1.362113356590271,2.7205896377563477,2.865690231323242,0.5,1.1191021610645626
8.915,1.2799195051193237,2.9853708744049072,0.5004557371139526,1.2205896377563477,2.865690231323242,0.5,2.0357463359832764,3.800915479660034,-1.3652180433273315,2.7205896377563477,2.865690231323242,0.5,1.1119294948037788
8.97,1.2652146816253662,2.96287202835083,0.5095246434211731,1.2205896377563477,2.865690231323242,0.5,2.0357463359832764,3.800915479660034,-1.3652180433273315,2.7205896377563477,2.865690231323242,0.5,1.138435705979824
9.003,1.2652146816253662,2.96287202835083,0.5095246434211731,1.2205896377563477,2.865690231323242,0.5,2.0364809036254883,3.79915189743042,-1.3763989210128784,2.7205896377563477,2.865690231323242,0.5,1.1376359719286822
9.071,1.2615383863449097,2.9304275512695312,0.5071591138839722,1.2205896377563477,2.865690231323242,0.5,2.0364809036254883,3.79915189743042,-1.3763989210128784,2.7205896377563477,2.865690231323242,0.5,1.1641382627084393
9.114,1.2615383863449097,2.9304275512695312,0.5071591138839722,1.2205896377563477,2.865690231323242,0.5,2.0403051376342773,3.8104076385498047,-1.37014901638031,2.7205896377563477,2.865690231323242,0.5,1.1750925950424476
9.173,1.2448210716247559,2.889728307723999,0.5074876546859741,1.2205896377563477,2.865690231323242,0.5,2.0403051376342773,3.8104076385498047,-1.37014901638031,2.7205896377563477,2.865690231323242,0.5,1.2167355215842488
9.234,1.2448210716247559,2.889728307723999,0.5074876546859741,1.2205896377563477,2.865690231323242,0.5,2.0392837524414062,3.814011573791504,-1.3885233402252197,2.7205896377563477,2.865690231323242,0.5,1.2187987968252976
9.273,1.2525815963745117,2.8646633625030518,0.5109654068946838,1.2205896377563477,2.865690231323242,0.5,2.0392837524414062,3.814011573791504,-1.3885233402252197,2.7205896377563477,2.865690231323242,0.5,1.2329486236810048
9.311,1.2525815963745117,2.8646633625030518,0.5109654068946838,1.2205896377563477,2.865690231323242,0.5,2.0260608196258545,3.811692476272583,-1.3805444240570068,2.7205896377563477,2.865690231323242,0.5,1.2227568242003821
9.369,1.2450944185256958,2.835904836654663,0.5202845335006714,1.2205896377563477,2.865690231323242,0.5,2.0260608196258545,3.811692476272583,-1.3805444240570068,2.7205896377563477,2.865690231323242,0.5,1.2498280030782019
9.414,1.2450944185256958,2.835904836654663,0.5202845335006714,1.2205896377563477,2.865690231323242,0.5,2.031731605529785,3.818807601928711,-1.372123122215271,2.7205896377563477,2.865690231323242,0.5,1.258926491087179
9.473,1.261270523071289,2.808706045150757,0.5276439785957336,1.2205896377563477,2.865690231323242,0.5,2.031731605529785,3.818807601928711,-1.372123122215271,2.7205896377563477,2.865690231323242,0.5,1.2703997144947585
9.503,1.261270523071289,2.808706045150757,0.5276439785957336,1.2205896377563477,2.865690231323242,0.5,2.0264573097229004,3.810969829559326,-1.3495521545410156,2.7205896377563477,2.865690231323242,0.5,1.26096927480538
9.569,1.2577369213104248,2.8006861209869385,0.5377575159072876,1.2205896377563477,2.865690231323242,0.5,2.0264573097229004,3.810969829559326,-1.3495521545410156,2.7205896377563477,2.865690231323242,0.5,1.269489742915556
9.603,1.2577369213104248,2.8006861209869385,0.5377575159072876,1.2205896377563477,2.865690231323242,0.5,2.0283396244049072,3.814635992050171,-1.353758692741394,2.7205896377563477,2.865690231323242,0.5,1.2735473556353014
9.672,1.2522708177566528,2.7863645553588867,0.5579414963722229,1.2205896377563477,2.865690231323242,0.5,2.0283396244049072,3.814635992050171,-1.353758692741394,2.7205896377563477,2.865690231323242,0.5,1.2882643130070799
9.701,1.2522708177566528,2.7863645553588867,0.5579414963722229,1.2205896377563477,2.865690231323242,0.5,2.0155818462371826,3.8165667057037354,-1.3092679977416992,2.7205896377563477,2.865690231323242,0.5,1.28217011226091
9.77,1.2420657873153687,2.7887051105499268,0.5676706433296204,1.2205896377563477,2.865690231323242,0.5,2.0155818462371826,3.8165667057037354,-1.3092679977416992,2.7205896377563477,2.865690231323242,0.5,1.2864006188594854
9.8,1.2420657873153687,2.7887051105499268,0.5676706433296204,1.2205896377563477,2.865690231323242,0.5,2.011589527130127,3.811225414276123,-1.3102128505706787,2.7205896377563477,2.865690231323242,0.5,1.2797322210801776
9.87,1.2557673454284668,2.7928645610809326,0.5887377262115479,1.2205896377563477,2.865690231323242,0.5,2.011589527130127,3.811225414276123,-1.3102128505706787,2.7205896377563477,2.865690231323242,0.5,1.268197933160551
9.907,1.2557673454284668,2.7928645610809326,0.5887377262115479,1.2205896377563477,2.865690231323242,0.5,2.0094940662384033,3.8087151050567627,-1.3134007453918457,2.7205896377563477,2.865690231323242,0.5,1.2649333173566462
9.969,1.2615300416946411,2.797785520553589,0.5971570611000061,1.2205896377563477,2.865690231323242,0.5,2.0094940662384033,3.8087151050567627,-1.3134007453918457,2.7205896377563477,2.865690231323242,0.5,1.257548729407915
10.006,1.2615300416946411,2.797785520553589,0.5971570611000061,1.2205896377563477,2.865690231323242,0.5,2.0107502937316895,3.8109347820281982,-1.2984415292739868,2.7205896377563477,2.865690231323242,0.5,1.26008031969752
10.07,1.2715013027191162,2.7902719974517822,0.5775490999221802,1.2205896377563477,2.865690231323242,0.5,2.0107502937316895,3.8109347820281982,-1.2984415292739868,2.7205896377563477,2.865690231323242,0.5,1.2602545737002468
10.106,1.2715013027191162,2.7902719974517822,0.5775490999221802,1.2205896377563477,2.865690231323242,0.5,2.010676383972168,3.817106008529663,-1.307288408279419,2.7205896377563477,2.865690231323242,0.5,1.2652145616660224
10.17,1.2713104486465454,2.799539566040039,0.5615038871765137,1.2205896377563477,2.865690231323242,0.5,2.010676383972168,3.817106008529663,-1.307288408279419,2.7205896377563477,2.865690231323242,0.5,1.2578169386683111
10.206,1.2713104486465454,2.799539566040039,0.5615038871765137,1.2205896377563477,2.865690231323242,0.5,2.023663282394409,3.824404239654541,-1.3224070072174072,2.7205896377563477,2.865690231323242,0.5,1.2713702787431365
10.275,1.2568718194961548,2.8053762912750244,0.5380104780197144,1.2205896377563477,2.865690231323242,0.5,2.023663282394409,3.824404239654541,-1.3224070072174072,2.7205896377563477,2.865690231323242,0.5,1.2752988305304023
10.309,1.2568718194961548,2.8053762912750244,0.5380104780197144,1.2205896377563477,2.865690231323242,0.5,2.022073268890381,3.8273160457611084,-1.3239414691925049,2.7205896377563477,2.865690231323242,0.5,1.2766730669807764
10.37,1.249545931816101,2.8192098140716553,0.5253505110740662,1.2205896377563477,2.865690231323242,0.5,2.022073268890381,3.8273160457611084,-1.3239414691925049,2.7205896377563477,2.865690231323242,0.5,1.2700695496303291
10.409,1.249545931816101,2.8192098140716553,0.5253505110740662,1.2205896377563477,2.865690231323242,0.5,2.024611473083496,3.8215572834014893,-1.290138840675354,2.7205896377563477,2.865690231323242,0.5,1.2670544749662669
10.47,1.243641972541809,2.8363351821899414,0.5215665698051453,1.2205896377563477,2.865690231323242,0.5,2.024611473083496,3.8215572834014893,-1.290138840675354,2.7205896377563477,2.865690231323242,0.5,1.2572095885301025
10.505,1.243641972541809,2.8363351821899414,0.5215665698051453,1.2205896377563477,2.865690231323242,0.5,2.0223045349121094,3.8133461475372314,-1.3007323741912842,2.7205896377563477,2.865690231323242,0.5,1.249346153972519
10.573,1.2342438697814941,2.8517842292785645,0.5289739966392517,1.2205896377563477,2.865690231323242,0.5,2.0223045349121094,3.8133461475372314,-1.3007323741912842,2.7205896377563477,2.865690231323242,0.5,1.2432380844276751
10.601,1.2342438697814941,2.8517842292785645,0.5289739966392517,1.2205896377563477,2.865690231323242,0.5,2.021416187286377,3.8135182857513428,-1.3092714548110962,2.7205896377563477,2.865690231323242,0.5,1.2428083733325879
10.67,1.2264902591705322,2.8662302494049072,0.49852490425109863,1.2205896377563477,2.865690231323242,0.5,2.021416187286377,3.8135182857513428,-1.3092714548110962,2.7205896377563477,2.865690231323242,0.5,1.236633274255518
10.704,1.2264902591705322,2.8662302494049072,0.49852490425109863,1.2205896377563477,2.865690231323242,0.5,2.0181033611297607,3.814751148223877,-1.3059195280075073,2.7205896377563477,2.865690231323242,0.5,1.2354526290756187
10.769,1.2170747518539429,2.8915014266967773,0.4827468693256378,1.2205896377563477,2.865690231323242,0.5,2.0181033611297607,3.814751148223877,-1.3059195280075073,2.7205896377563477,2.865690231323242,0.5,1.2223080140366493
10.802,1.2170747518539429,2.8915014266967773,0.4827468693256378,1.2205896377563477,2.865690231323242,0.5,2.0217320919036865,3.8153061866760254,-1.3167378902435303,2.7205896377563477,2.865690231323242,0.5,1.2251076154592482
10.869,1.2180328369140625,2.889267921447754,0.4728573262691498,1.2205896377563477,2.865690231323242,0.5,2.0217320919036865,3.8153061866760254,-1.3167378902435303,2.7205896377563477,2.865690231323242,0.5,1.226164491876136
10.905,1.2180328369140625,2.889267921447754,0.4728573262691498,1.2205896377563477,2.865690231323242,0.5,2.0273962020874023,3.8140170574188232,-1.3127143383026123,2.7205896377563477,2.865690231323242,0.5,1.2289141635459948
10.969,1.2306830883026123,2.877168893814087,0.45716503262519836,1.2205896377563477,2.865690231323242,0.5,2.0273962020874023,3.8140170574188232,-1.3127143383026123,2.7205896377563477,2.865690231323242,0.5,1.2298114763353865
11.002,1.2306830883026123,2.877168893814087,0.45716503262519836,1.2205896377563477,2.865690231323242,0.5,2.0250818729400635,3.8109278678894043,-1.3038616180419922,2.7205896377563477,2.865690231323242,0.5,1.2259589106897706
11.07,1.2444480657577515,2.8629016876220703,0.4579322338104248,1.2205896377563477,2.865690231323242,0.5,2.0250818729400635,3.8109278678894043,-1.3038616180419922,2.7205896377563477,2.865690231323242,0.5,1.228064647886349
11.101,1.2444480657577515,2.8629016876220703,0.4579322338104248,1.2205896377563477,2.865690231323242,0.5,2.0318682193756104,3.8158657550811768,-1.3306232690811157,2.7205896377563477,2.865690231323242,0.5,1.236192142100805
11.169,1.24875009059906,2.862736701965332,0.4560309648513794,1.2205896377563477,2.865690231323242,0.5,2.0318682193756104,3.8158657550811768,-1.3306232690811157,2.7205896377563477,2.865690231323242,0.5,1.2335838015765255
11.206,1.24875009059906,2.862736701965332,0.4560309648513794,1.2205896377563477,2.865690231323242,0.5,2.0223870277404785,3.8178272247314453,-1.3241873979568481,2.7205896377563477,2.865690231323242,0.5,1.229110254284457
11.271,1.2368415594100952,2.865874767303467,0.45765364170074463,1.2205896377563477,2.865690231323242,0.5,2.0223870277404785,3.8178272247314453,-1.3241873979568481,2.7205896377563477,2.865690231323242,0.5,1.2342184425852534
11.304,1.2368415594100952,2.865874767303467,0.45765364170074463,1.2205896377563477,2.865690231323242,0.5,2.025031805038452,3.81925630569458,-1.317870855331421,2.7205896377563477,2.865690231323242,0.5,1.237004535581295
11.37,1.218798279762268,2.8864128589630127,0.4559914171695709,1.2205896377563477,2.865690231323242,0.5,2.025031805038452,3.81925630569458,-1.317870855331421,2.7205896377563477,2.865690231323242,0.5,1.2329677179023357
11.406,1.218798279762268,2.8864128589630127,0.4559914171695709,1.2205896377563477,2.865690231323242,0.5,2.0266220569610596,3.809832811355591,-1.3277720212936401,2.7205896377563477,2.865690231323242,0.5,1.2269000217965742
11.468,1.174506664276123,2.9150774478912354,0.45193004608154297,1.2205896377563477,2.865690231323242,0.5,2.0266220569610596,3.809832811355591,-1.3277720212936401,2.7205896377563477,2.865690231323242,0.5,1.2355920859647955
11.499,1.174506664276123,2.9150774478912354,0.45193004608154297,1.2205896377563477,2.865690231323242,0.5,2.0242722034454346,3.8115921020507812,-1.3212109804153442,2.7205896377563477,2.865690231323242,0.5,1.235248961417301
11.573,1.1682277917861938,2.9227397441864014,0.48312851786613464,1.2205896377563477,2.865690231323242,0.5,2.0242722034454346,3.8115921020507812,-1.3212109804153442,2.7205896377563477,2.865690231323242,0.5,1.2340464127471393
11.608,1.1682277917861938,2.9227397441864014,0.48312851786613464,1.2205896377563477,2.865690231323242,0.5,2.027472972869873,3.8181345462799072,-1.3085949420928955,2.7205896377563477,2.865690231323242,0.5,1.2409811170326457
11.667,1.1612526178359985,2.9139177799224854,0.49699315428733826,1.2205896377563477,2.865690231323242,0.5,2.027472972869873,3.8181345462799072,-1.3085949420928955,2.7205896377563477,2.865690231323242,0.5,1.2521763709784992
11.709,1.1612526178359985,2.9139177799224854,0.49699315428733826,1.2205896377563477,2.865690231323242,0.5,2.0293936729431152,3.821476936340332,-1.28803551197052,2.7205896377563477,2.865690231323242,0.5,1.2559189917985838
11.768,1.1678487062454224,2.90697979927063,0.5138336420059204,1.2205896377563477,2.865690231323242,0.5,2.0293936729431152,3.821476936340332,-1.28803551197052,2.7205896377563477,2.865690231323242,0.5,1.256409464844487
11.809,1.1678487062454224,2.90697979927063,0.5138336420059204,1.2205896377563477,2.865690231323242,0.5,2.032613754272461,3.8187944889068604,-1.3052765130996704,2.7205896377563477,2.865690231323242,0.5,1.2566720401622777
11.869,1.178510069847107,2.8834481239318848,0.5200062990188599,1.2205896377563477,2.865690231323242,0.5,2.032613754272461,3.8187944889068604,-1.3052765130996704,2.7205896377563477,2.865690231323242,0.5,1.2666356722518377
11.902,1.178510069847107,2.8834481239318848,0.5200062990188599,1.2205896377563477,2.865690231323242,0.5,2.032712459564209,3.818342447280884,-1.3252817392349243,2.7205896377563477,2.865690231323242,0.5,1.2663684765614591
11.968,1.18580162525177,2.881953239440918,0.5133792161941528,1.2205896377563477,2.865690231323242,0.5,2.032712459564209,3.818342447280884,-1.3252817392349243,2.7205896377563477,2.865690231323242,0.5,1.262569883149028
12.009,1.18580162525177,2.881953239440918,0.5133792161941528,1.2205896377563477,2.865690231323242,0.5,2.022764205932617,3.8149259090423584,-1.3294591903686523,2.7205896377563477,2.865690231323242,0.5,1.253373194097904
12.067,1.194275975227356,2.858618974685669,0.5114955902099609,1.2205896377563477,2.865690231323242,0.5,2.022764205932617,3.8149259090423584,-1.3294591903686523,2.7205896377563477,2.865690231323242,0.5,1.2652729749409113
12.11,1.194275975227356,2.858618974685669,0.5114955902099609,1.2205896377563477,2.865690231323242,0.5,2.0190494060516357,3.814720630645752,-1.3263059854507446,2.7205896377563477,2.865690231323242,0.5,1.2626882389264842
12.167,1.1980868577957153,2.8572146892547607,0.5192119479179382,1.2205896377563477,2.865690231323242,0.5,2.0190494060516357,3.814720630645752,-1.3263059854507446,2.7205896377563477,2.865690231323242,0.5,1.2612680656537303
12.209,1.1980868577957153,2.8572146892547607,0.5192119479179382,1.2205896377563477,2.865690231323242,0.5,2.0215790271759033,3.8180623054504395,-1.321280837059021,2.7205896377563477,2.865690231323242,0.5,1.2654514983117315
12.267,1.1965636014938354,2.8398749828338623,0.5086852312088013,1.2205896377563477,2.865690231323242,0.5,2.0215790271759033,3.8180623054504395,-1.321280837059021,2.7205896377563477,2.865690231323242,0.5,1.2796487372482932
12.299,1.1965636014938354,2.8398749828338623,0.5086852312088013,1.2205896377563477,2.865690231323242,0.5,2.0222244262695312,3.816925525665283,-1.3237015008926392,2.7205896377563477,2.865690231323242,0.5,1.2791964512210219
12.367,1.1687668561935425,2.831068992614746,0.4798392951488495,1.2205896377563477,2.865690231323242,0.5,2.0222244262695312,3.816925525665283,-1.3237015008926392,2.7205896377563477,2.865690231323242,0.5,1.3039566433276975
12.399,1.1687668561935425,2.831068992614746,0.4798392951488495,1.2205896377563477,2.865690231323242,0.5,2.0219674110412598,3.8252336978912354,-1.3205657005310059,2.7205896377563477,2.865690231323242,0.5,1.3100819241596846
12.467,1.1628758907318115,2.8124887943267822,0.4416442811489105,1.2205896377563477,2.865690231323242,0.5,2.0219674110412598,3.8252336978912354,-1.3205657005310059,2.7205896377563477,2.865690231323242,0.5,1.3280400897425395
12.503,1.1628758907318115,2.8124887943267822,0.4416442811489105,1.2205896377563477,2.865690231323242,0.5,2.0230491161346436,3.818470001220703,-1.3285070657730103,2.7205896377563477,2.865690231323242,0.5,1.3235921450067845
12.567,1.1396864652633667,2.823281764984131,0.4395923614501953,1.2205896377563477,2.865690231323242,0.5,2.0230491161346436,3.818470001220703,-1.3285070657730103,2.7205896377563477,2.865690231323242,0.5,1.3306874909226392
12.611,1.1396864652633667,2.823281764984131,0.4395923614501953,1.2205896377563477,2.865690231323242,0.5,2.0138139724731445,3.8200740814208984,-1.3162671327590942,2.7205896377563477,2.865690231323242,0.5,1.3257804573036054
12.668,1.1326318979263306,2.8317394256591797,0.4246634840965271,1.2205896377563477,2.865690231323242,0.5,2.0138139724731445,3.8200740814208984,-1.3162671327590942,2.7205896377563477,2.865690231323242,0.5,1.3241175326542058
12.704,1.1326318979263306,2.8317394256591797,0.4246634840965271,1.2205896377563477,2.865690231323242,0.5,2.017935276031494,3.8240904808044434,-1.3266679048538208,2.7205896377563477,2.865690231323242,0.5,1.3298581457931264
12.767,1.1441450119018555,2.8393263816833496,0.44238758087158203,1.2205896377563477,2.865690231323242,0.5,2.017935276031494,3.8240904808044434,-1.3266679048538208,2.7205896377563477,2.865690231323242,0.5,1.3165370319917034
12.812,1.1441450119018555,2.8393263816833496,0.44238758087158203,1.2205896377563477,2.865690231323242,0.5,2.021784782409668,3.8254284858703613,-1.3057202100753784,2.7205896377563477,2.865690231323242,0.5,1.3200942870337171
12.867,1.1604207754135132,2.8548333644866943,0.44113385677337646,1.2205896377563477,2.865690231323242,0.5,2.021784782409668,3.8254284858703613,-1.3057202100753784,2.7205896377563477,2.865690231323242,0.5,1.2976913509006087
12.903,1.1604207754135132,2.8548333644866943,0.44113385677337646,1.2205896377563477,2.865690231323242,0.5,2.0328829288482666,3.8240184783935547,-1.3346306085586548,2.7205896377563477,2.865690231323242,0.5,1.3040360402207682
12.967,1.1612269878387451,2.8700854778289795,0.45631781220436096,1.2205896377563477,2.865690231323242,0.5,2.0328829288482666,3.8240184783935547,-1.3346306085586548,2.7205896377563477,2.865690231323242,0.5,1.2921966758444041
12.997,1.1612269878387451,2.8700854778289795,0.45631781220436096,1.2205896377563477,2.865690231323242,0.5,2.0318167209625244,3.82391619682312,-1.31789231300354,2.7205896377563477,2.865690231323242,0.5,1.2914021542174277
13.069,1.1690977811813354,2.8913521766662598,0.46084147691726685,1.2205896377563477,2.865690231323242,0.5,2.0318167209625244,3.82391619682312,-1.31789231300354,2.7205896377563477,2.865690231323242,0.5,1.270417105028228
13.116,1.1690977811813354,2.8913521766662598,0.46084147691726685,1.2205896377563477,2.865690231323242,0.5,2.0309622287750244,3.8213531970977783,-1.3082796335220337,2.7205896377563477,2.865690231323242,0.5,1.2679559235358462
13.167,1.1706595420837402,2.9273903369903564,0.4865029752254486,1.2205896377563477,2.865690231323242,0.5,2.0309622287750244,3.8213531970977783,-1.3082796335220337,2.7205896377563477,2.865690231323242,0.5,1.2406813885843875
13.198,1.1706595420837402,2.9273903369903564,0.4865029752254486,1.2205896377563477,2.865690231323242,0.5,2.0368294715881348,3.8135159015655518,-1.3150527477264404,2.7205896377563477,2.865690231323242,0.5,1.23914037258551
13.27,1.1522140502929688,2.940589666366577,0.48427653312683105,1.2205896377563477,2.865690231323242,0.5,2.0368294715881348,3.8135159015655518,-1.3150527477264404,2.7205896377563477,2.865690231323242,0.5,1.2427971096248493
13.297,1.1522140502929688,2.940589666366577,0.48427653312683105,1.2205896377563477,2.865690231323242,0.5,2.026379346847534,3.8184046745300293,-1.312941312789917,2.7205896377563477,2.865690231323242,0.5,1.2388398420527702
13.369,1.1319676637649536,2.946422815322876,0.4760209321975708,1.2205896377563477,2.865690231323242,0.5,2.026379346847534,3.8184046745300293,-1.312941312789917,2.7205896377563477,2.865690231323242,0.5,1.2491295455720268
13.401,1.1319676637649536,2.946422815322876,0.4760209321975708,1.2205896377563477,2.865690231323242,0.5,2.02008318901062,3.80405330657959,-1.3137590885162354,2.7205896377563477,2.865690231323242,0.5,1.2346170441540236
13.472,1.1269699335098267,2.9384474754333496,0.4960407614707947,1.2205896377563477,2.865690231323242,0.5,2.02008318901062,3.80405330657959,-1.3137590885162354,2.7205896377563477,2.865690231323242,0.5,1.2437542932852932
13.499,1.1269699335098267,2.9384474754333496,0.4960407614707947,1.2205896377563477,2.865690231323242,0.5,2.0240609645843506,3.808706045150757,-1.3203270435333252,2.7205896377563477,2.865690231323242,0.5,1.249848909349022
13.569,1.1241720914840698,2.9170310497283936,0.48302775621414185,1.2205896377563477,2.865690231323242,0.5,2.0240609645843506,3.808706045150757,-1.3203270435333252,2.7205896377563477,2.865690231323242,0.5,1.2668402746167982
13.598,1.1241720914840698,2.9170310497283936,0.48302775621414185,1.2205896377563477,2.865690231323242,0.5,2.0202739238739014,3.8061466217041016,-1.3214247226715088,2.7205896377563477,2.865690231323242,0.5,1.2623489986299763
13.672,1.1115223169326782,2.916109323501587,0.456230491399765,1.2205896377563477,2.865690231323242,0.5,2.0202739238739014,3.8061466217041016,-1.3214247226715088,2.7205896377563477,2.865690231323242,0.5,1.272004667959158
13.697,1.1115223169326782,2.916109323501587,0.456230491399765,1.2205896377563477,2.865690231323242,0.5,2.0202229022979736,3.8097596168518066,-1.3318084478378296,2.7205896377563477,2.865690231323242,0.5,1.2744989606304762
13.767,1.1046247482299805,2.927091598510742,0.42361539602279663,1.2205896377563477,2.865690231323242,0.5,2.0202229022979736,3.8097596168518066,-1.3318084478378296,2.7205896377563477,2.865690231323242,0.5,1.271779387446918
13.803,1.1046247482299805,2.927091598510742,0.42361539602279663,1.2205896377563477,2.865690231323242,0.5,2.018540620803833,3.8060476779937744,-1.3304184675216675,2.7205896377563477,2.865690231323242,0.5,1.2679929068423879
13.866,1.1149173974990845,2.9063968658447266,0.45447760820388794,1.2205896377563477,2.865690231323242,0.5,2.018540620803833,3.8060476779937744,-1.3304184675216675,2.7205896377563477,2.865690231323242,0.5,1.2751103926704168
13.9,1.1149173974990845,2.9063968658447266,0.45447760820388794,1.2205896377563477,2.865690231323242,0.5,2.0207505226135254,3.810947895050049,-1.3241374492645264,2.7205896377563477,2.865690231323242,0.5,1.280135233087115
13.967,1.1538872718811035,2.884490728378296,0.485439658164978,1.2205896377563477,2.865690231323242,0.5,2.0207505226135254,3.810947895050049,-1.3241374492645264,2.7205896377563477,2.865690231323242,0.5,1.2687690007041605
13.997,1.1538872718811035,2.884490728378296,0.485439658164978,1.2205896377563477,2.865690231323242,0.5,2.0267741680145264,3.807560920715332,-1.3297007083892822,2.7205896377563477,2.865690231323242,0.5,1.2704291060199202
14.066,1.1930859088897705,2.8512191772460938,0.5009472370147705,1.2205896377563477,2.865690231323242,0.5,2.0267741680145264,3.807560920715332,-1.3297007083892822,2.7205896377563477,2.865690231323242,0.5,1.2687102284226484
14.107,1.1930859088897705,2.8512191772460938,0.5009472370147705,1.2205896377563477,2.865690231323242,0.5,2.029428005218506,3.8112401962280273,-1.3389687538146973,2.7205896377563477,2.865690231323242,0.5,1.2732275754862732
14.168,1.2402900457382202,2.8249189853668213,0.5404110550880432,1.2205896377563477,2.865690231323242,0.5,2.029428005218506,3.8112401962280273,-1.3389687538146973,2.7205896377563477,2.865690231323242,0.5,1.263158046361351
14.197,1.2402900457382202,2.8249189853668213,0.5404110550880432,1.2205896377563477,2.865690231323242,0.5,2.0307586193084717,3.8128974437713623,-1.3376957178115845,2.7205896377563477,2.865690231323242,0.5,1.2652833675005775
14.267,1.265986442565918,2.8065314292907715,0.5703756809234619,1.2205896377563477,2.865690231323242,0.5,2.0307586193084717,3.8128974437713623,-1.3376957178115845,2.7205896377563477,2.865690231323242,0.5,1.263981422893981
14.3,1.265986442565918,2.8065314292907715,0.5703756809234619,1.2205896377563477,2.865690231323242,0.5,2.0296950340270996,3.81828236579895,-1.3424627780914307,2.7205896377563477,2.865690231323242,0.5,1.2676319537613427
14.366,1.2872638702392578,2.8021888732910156,0.5793987512588501,1.2205896377563477,2.865690231323242,0.5,2.0296950340270996,3.81828236579895,-1.3424627780914307,2.7205896377563477,2.865690231323242,0.5,1.2584315708374219
14.397,1.2872638702392578,2.8021888732910156,0.5793987512588501,1.2205896377563477,2.865690231323242,0.5,2.028313159942627,3.820930242538452,-1.3495135307312012,2.7205896377563477,2.865690231323242,0.5,1.2597571302382098
14.467,1.288883924484253,2.8141627311706543,0.5889213681221008,1.2205896377563477,2.865690231323242,0.5,2.028313159942627,3.820930242538452,-1.3495135307312012,2.7205896377563477,2.865690231323242,0.5,1.2491342666808338
14.502,1.288883924484253,2.8141627311706543,0.5889213681221008,1.2205896377563477,2.865690231323242,0.5,2.022930860519409,3.8212876319885254,-1.365242838859558,2.7205896377563477,2.865690231323242,0.5,1.246244546688172
14.566,1.2826825380325317,2.8241329193115234,0.5665087699890137,1.2205896377563477,2.865690231323242,0.5,2.022930860519409,3.8212876319885254,-1.365242838859558,2.7205896377563477,2.865690231323242,0.5,1.2418877163248658
14.598,1.2826825380325317,2.8241329193115234,0.5665087699890137,1.2205896377563477,2.865690231323242,0.5,2.023329973220825,3.8246724605560303,-1.3689279556274414,2.7205896377563477,2.865690231323242,0.5,1.2448445673435562
14.665,1.2747745513916016,2.8498263359069824,0.5628364086151123,1.2205896377563477,2.865690231323242,0.5,2.023329973220825,3.8246724605560303,-1.3689279556274414,2.7205896377563477,2.865690231323242,0.5,1.2290891693824308
14.697,1.2747745513916016,2.8498263359069824,0.5628364086151123,1.2205896377563477,2.865690231323242,0.5,2.0159525871276855,3.8250961303710938,-1.3572571277618408,2.7205896377563477,2.865690231323242,0.5,1.2249473672985585
14.766,1.2654839754104614,2.8648312091827393,0.5740053057670593,1.2205896377563477,2.865690231323242,0.5,2.0159525871276855,3.8250961303710938,-1.3572571277618408,2.7205896377563477,2.865690231323242,0.5,1.2187337100604276
14.797,1.2654839754104614,2.8648312091827393,0.5740053057670593,1.2205896377563477,2.865690231323242,0.5,2.0203042030334473,3.819611072540283,-1.356989860534668,2.7205896377563477,2.865690231323242,0.5,1.2171105798167505
14.867,1.255199670791626,2.870073080062866,0.585084855556488,1.2205896377563477,2.865690231323242,0.5,2.0203042030334473,3.819611072540283,-1.356989860534668,2.7205896377563477,2.865690231323242,0.5,1.2194291059405706
14.9,1.255199670791626,2.870073080062866,0.585084855556488,1.2205896377563477,2.865690231323242,0.5,2.0214998722076416,3.815361738204956,-1.3646425008773804,2.7205896377563477,2.865690231323242,0.5,1.216875772584161
14.965,1.262965440750122,2.8665854930877686,0.5992974042892456,1.2205896377563477,2.865690231323242,0.5,2.0214998722076416,3.815361738204956,-1.3646425008773804,2.7205896377563477,2.865690231323242,0.5,1.2147225391031697
14.998,1.262965440750122,2.8665854930877686,0.5992974042892456,1.2205896377563477,2.865690231323242,0.5,2.0235800743103027,3.8054988384246826,-1.3538038730621338,2.7205896377563477,2.865690231323242,0.5,1.2083430352501905
15.067,1.276811122894287,2.8660237789154053,0.600854754447937,1.2205896377563477,2.865690231323242,0.5,2.0235800743103027,3.8054988384246826,-1.3538038730621338,2.7205896377563477,2.865690231323242,0.5,1.2001155170394788
15.1,1.276811122894287,2.8660237789154053,0.600854754447937,1.2205896377563477,2.865690231323242,0.5,2.0227489471435547,3.8015389442443848,-1.3542859554290771,2.7205896377563477,2.865690231323242,0.5,1.1964998379465996
15.165,1.2770990133285522,2.851426601409912,0.5904554128646851,1.2205896377563477,2.865690231323242,0.5,2.0227489471435547,3.8015389442443848,-1.3542859554290771,2.7205896377563477,2.865690231323242,0.5,1.2077695507855495
15.199,1.2770990133285522,2.851426601409912,0.5904554128646851,1.2205896377563477,2.865690231323242,0.5,2.0239884853363037,3.812440872192383,-1.3411535024642944,2.7205896377563477,2.865690231323242,0.5,1.2171246082647338
15.267,1.2783244848251343,2.8568167686462402,0.584054172039032,1.2205896377563477,2.865690231323242,0.5,2.0239884853363037,3.812440872192383,-1.3411535024642944,2.7205896377563477,2.865690231323242,0.5,1.2121189004947863
15.296,1.2783244848251343,2.8568167686462402,0.584054172039032,1.2205896377563477,2.865690231323242,0.5,2.0193300247192383,3.803408622741699,-1.3397177457809448,2.7205896377563477,2.865690231323242,0.5,1.202133664944806
15.368,1.264943242073059,2.833831310272217,0.5625612735748291,1.2205896377563477,2.865690231323242,0.5,2.0193300247192383,3.803408622741699,-1.3397177457809448,2.7205896377563477,2.865690231323242,0.5,1.2284867043182837
15.396,1.264943242073059,2.833831310272217,0.5625612735748291,1.2205896377563477,2.865690231323242,0.5,2.0232274532318115,3.8112106323242188,-1.343691349029541,2.7205896377563477,2.865690231323242,0.5,1.2370389177659216
15.467,1.2631323337554932,2.8336002826690674,0.547192394733429,1.2205896377563477,2.865690231323242,0.5,2.0232274532318115,3.8112106323242188,-1.343691349029541,2.7205896377563477,2.865690231323242,0.5,1.2383321793463118
15.498,1.2631323337554932,2.8336002826690674,0.547192394733429,1.2205896377563477,2.865690231323242,0.5,2.0256807804107666,3.8157730102539062,-1.340597152709961,2.7205896377563477,2.865690231323242,0.5,1.2434401474569705
15.567,1.2611027956008911,2.8283491134643555,0.5263497233390808,1.2205896377563477,2.865690231323242,0.5,2.0256807804107666,3.8157730102539062,-1.340597152709961,2.7205896377563477,2.865690231323242,0.5,1.2488336345594604
15.597,1.2611027956008911,2.8283491134643555,0.5263497233390808,1.2205896377563477,2.865690231323242,0.5,2.026679515838623,3.824021100997925,-1.3417928218841553,2.7205896377563477,2.865690231323242,0.5,1.2559738935698508
15.669,1.2694393396377563,2.834584951400757,0.4966719150543213,1.2205896377563477,2.865690231323242,0.5,2.026679515838623,3.824021100997925,-1.3417928218841553,2.7205896377563477,2.865690231323242,0.5,1.2459520771612322
15.696,1.2694393396377563,2.834584951400757,0.4966719150543213,1.2205896377563477,2.865690231323242,0.5,2.025754928588867,3.82802152633667,-1.3419798612594604,2.7205896377563477,2.865690231323242,0.5,1.2485709825680171
15.766,1.2863153219223022,2.8377842903137207,0.47486215829849243,1.2205896377563477,2.865690231323242,0.5,2.025754928588867,3.82802152633667,-1.3419798612594604,2.7205896377563477,2.865690231323242,0.5,1.2358562681451166
15.804,1.2863153219223022,2.8377842903137207,0.47486215829849243,1.2205896377563477,2.865690231323242,0.5,2.020289897918701,3.8228859901428223,-1.3388662338256836,2.7205896377563477,2.865690231323242,0.5,1.2284722370551477
15.866,1.302488088607788,2.8419628143310547,0.453779011964798,1.2205896377563477,2.865690231323242,0.5,2.020289897918701,3.8228859901428223,-1.3388662338256836,2.7205896377563477,2.865690231323242,0.5,1.2155038931631048
15.911,1.302488088607788,2.8419628143310547,0.453779011964798,1.2205896377563477,2.865690231323242,0.5,2.026400327682495,3.8224010467529297,-1.3318357467651367,2.7205896377563477,2.865690231323242,0.5,1.2187321516546146
15.965,1.3216171264648438,2.851231098175049,0.4431494474411011,1.2205896377563477,2.865690231323242,0.5,2.026400327682495,3.8224010467529297,-1.3318357467651367,2.7205896377563477,2.865690231323242,0.5,1.1999543448562384
15.995,1.3216171264648438,2.851231098175049,0.4431494474411011,1.2205896377563477,2.865690231323242,0.5,2.024313449859619,3.8135318756103516,-1.344244122505188,2.7205896377563477,2.865690231323242,0.5,1.1915556676736185
16.067,1.3271456956863403,2.8675944805145264,0.45589062571525574,1.2205896377563477,2.865690231323242,0.5,2.024313449859619,3.8135318756103516,-1.344244122505188,2.7205896377563477,2.865690231323242,0.5,1.1750916699984255
16.094,1.3271456956863403,2.8675944805145264,0.45589062571525574,1.2205896377563477,2.865690231323242,0.5,2.033041000366211,3.814999580383301,-1.3407617807388306,2.7205896377563477,2.865690231323242,0.5,1.1814671406460908
16.165,1.3176770210266113,2.8740270137786865,0.4630565643310547,1.2205896377563477,2.865690231323242,0.5,2.033041000366211,3.814999580383301,-1.3407617807388306,2.7205896377563477,2.865690231323242,0.5,1.182021570885685
16.197,1.3176770210266113,2.8740270137786865,0.4630565643310547,1.2205896377563477,2.865690231323242,0.5,2.03732967376709,3.8166961669921875,-1.366329550743103,2.7205896377563477,2.865690231323242,0.5,1.1859700978594134
16.266,1.3057873249053955,2.8777897357940674,0.4592892825603485,1.2205896377563477,2.865690231323242,0.5,2.03732967376709,3.8166961669921875,-1.366329550743103,2.7205896377563477,2.865690231323242,0.5,1.190251861886078
16.295,1.3057873249053955,2.8777897357940674,0.4592892825603485,1.2205896377563477,2.865690231323242,0.5,2.0365757942199707,3.8186652660369873,-1.3910961151123047,2.7205896377563477,2.865690231323242,0.5,1.1913431706662172
16.365,1.2687872648239136,2.8815720081329346,0.45833829045295715,1.2205896377563477,2.865690231323242,0.5,2.0365757942199707,3.8186652660369873,-1.3910961151123047,2.7205896377563477,2.865690231323242,0.5,1.211463164888389
16.398,1.2687872648239136,2.8815720081329346,0.45833829045295715,1.2205896377563477,2.865690231323242,0.5,2.0276782512664795,3.820068836212158,-1.3705064058303833,2.7205896377563477,2.865690231323242,0.5,1.2069348887237183
16.465,1.221948266029358,2.88344407081604,0.45778289437294006,1.2205896377563477,2.865690231323242,0.5,2.0276782512664795,3.820068836212158,-1.3705064058303833,2.7205896377563477,2.865690231323242,0.5,1.2355026346647529
16.495,1.221948266029358,2.88344407081604,0.45778289437294006,1.2205896377563477,2.865690231323242,0.5,2.036302089691162,3.823462963104248,-1.3585593700408936,2.7205896377563477,2.865690231323242,0.5,1.2437072275947223
16.565,1.1785249710083008,2.887525796890259,0.47073662281036377,1.2205896377563477,2.865690231323242,0.5,2.036302089691162,3.823462963104248,-1.3585593700408936,2.7205896377563477,2.865690231323242,0.5,1.2695510877615537
16.604,1.1785249710083008,2.887525796890259,0.47073662281036377,1.2205896377563477,2.865690231323242,0.5,2.0424294471740723,3.8288402557373047,-1.3825225830078125,2.7205896377563477,2.865690231323242,0.5,1.277655608673074
16.665,1.1563115119934082,2.8997347354888916,0.5094218254089355,1.2205896377563477,2.865690231323242,0.5,2.0424294471740723,3.8288402557373047,-1.3825225830078125,2.7205896377563477,2.865690231323242,0.5,1.2839166884205993
16.697,1.1563115119934082,2.8997347354888916,0.5094218254089355,1.2205896377563477,2.865690231323242,0.5,2.041588068008423,3.8299098014831543,-1.3887453079223633,2.7205896377563477,2.865690231323242,0.5,1.284110678262289
16.765,1.1378295421600342,2.904369354248047,0.5247687101364136,1.2205896377563477,2.865690231323242,0.5,2.041588068008423,3.8299098014831543,-1.3887453079223633,2.7205896377563477,2.865690231323242,0.5,1.293601404031325
16.8,1.1378295421600342,2.904369354248047,0.5247687101364136,1.2205896377563477,2.865690231323242,0.5,2.037783622741699,3.82568359375,-1.383885383605957,2.7205896377563477,2.865690231323242,0.5,1.2879197471366965
16.864,1.128333330154419,2.904853343963623,0.5229006409645081,1.2205896377563477,2.865690231323242,0.5,2.037783622741699,3.82568359375,-1.383885383605957,2.7205896377563477,2.865690231323242,0.5,1.2942287987866485
16.907,1.128333330154419,2.904853343963623,0.5229006409645081,1.2205896377563477,2.865690231323242,0.5,2.0333213806152344,3.8352434635162354,-1.3747068643569946,2.7205896377563477,2.865690231323242,0.5,1.2979326431051774
16.966,1.130090355873108,2.8870675563812256,0.5147740840911865,1.2205896377563477,2.865690231323242,0.5,2.0333213806152344,3.8352434635162354,-1.3747068643569946,2.7205896377563477,2.865690231323242,0.5,1.3095280962728562
17.01,1.130090355873108,2.8870675563812256,0.5147740840911865,1.2205896377563477,2.865690231323242,0.5,2.0253517627716064,3.8313403129577637,-1.3705497980117798,2.7205896377563477,2.865690231323242,0.5,1.3012086786886004
17.066,1.1336965560913086,2.8761725425720215,0.5133621692657471,1.2205896377563477,2.865690231323242,0.5,2.0253517627716064,3.8313403129577637,-1.3705497980117798,2.7205896377563477,2.865690231323242,0.5,1.3066730567298595
17.107,1.1336965560913086,2.8761725425720215,0.5133621692657471,1.2205896377563477,2.865690231323242,0.5,2.017146348953247,3.8240561485290527,-1.3626993894577026,2.7205896377563477,2.865690231323242,0.5,1.2957495386647477
17.165,1.1574037075042725,2.8645379543304443,0.4996158480644226,1.2205896377563477,2.865690231323242,0.5,2.017146348953247,3.8240561485290527,-1.3626993894577026,2.7205896377563477,2.865690231323242,0.5,1.2883448973484617
17.205,1.1574037075042725,2.8645379543304443,0.4996158480644226,1.2205896377563477,2.865690231323242,0.5,2.0210041999816895,3.821566581726074,-1.3751020431518555,2.7205896377563477,2.865690231323242,0.5,1.2890731570636325
17.265,1.1843421459197998,2.8575522899627686,0.4999869763851166,1.2205896377563477,2.865690231323242,0.5,2.0210041999816895,3.821566581726074,-1.3751020431518555,2.7205896377563477,2.865690231323242,0.5,1.2764509185358315
17.309,1.1843421459197998,2.8575522899627686,0.4999869763851166,1.2205896377563477,2.865690231323242,0.5,2.0222666263580322,3.827866315841675,-1.3671038150787354,2.7205896377563477,2.865690231323242,0.5,1.282040071033278
17.366,1.197378396987915,2.864326000213623,0.496322900056839,1.2205896377563477,2.865690231323242,0.5,2.0222666263580322,3.827866315841675,-1.3671038150787354,2.7205896377563477,2.865690231323242,0.5,1.2684047188472505
17.394,1.197378396987915,2.864326000213623,0.496322900056839,1.2205896377563477,2.865690231323242,0.5,2.034533739089966,3.823908805847168,-1.3779114484786987,2.7205896377563477,2.865690231323242,0.5,1.2734316737373652
17.465,1.21419095993042,2.859686851501465,0.490257203578949,1.2205896377563477,2.865690231323242,0.5,2.034533739089966,3.823908805847168,-1.3779114484786987,2.7205896377563477,2.865690231323242,0.5,1.2659724533185763
17.497,1.21419095993042,2.859686851501465,0.490257203578949,1.2205896377563477,2.865690231323242,0.5,2.0377376079559326,3.8196945190429688,-1.3794370889663696,2.7205896377563477,2.865690231323242,0.5,1.2648493203589652
17.563,1.2326428890228271,2.862668514251709,0.4814375936985016,1.2205896377563477,2.865690231323242,0.5,2.0377376079559326,3.8196945190429688,-1.3794370889663696,2.7205896377563477,2.865690231323242,0.5,1.250630353182225
17.594,1.2326428890228271,2.862668514251709,0.4814375936985016,1.2205896377563477,2.865690231323242,0.5,2.032062530517578,3.8154211044311523,-1.3572444915771484,2.7205896377563477,2.865690231323242,0.5,1.2437078681512128
17.664,1.2395572662353516,2.8765039443969727,0.4996986985206604,1.2205896377563477,2.865690231323242,0.5,2.032062530517578,3.8154211044311523,-1.3572444915771484,2.7205896377563477,2.865690231323242,0.5,1.228670023774362
17.698,1.2395572662353516,2.8765039443969727,0.4996986985206604,1.2205896377563477,2.865690231323242,0.5,2.035762071609497,3.809654712677002,-1.3307571411132812,2.7205896377563477,2.865690231323242,0.5,1.2266672117744446
17.764,1.2339223623275757,2.8917131423950195,0.4939418137073517,1.2205896377563477,2.865690231323242,0.5,2.035762071609497,3.809654712677002,-1.3307571411132812,2.7205896377563477,2.865690231323242,0.5,1.2188370054412805
17.793,1.2339223623275757,2.8917131423950195,0.4939418137073517,1.2205896377563477,2.865690231323242,0.5,2.033266305923462,3.812966823577881,-1.3308807611465454,2.7205896377563477,2.865690231323242,0.5,1.2196963086180086
17.865,1.229495644569397,2.8954555988311768,0.49351292848587036,1.2205896377563477,2.865690231323242,0.5,2.033266305923462,3.812966823577881,-1.3308807611465454,2.7205896377563477,2.865690231323242,0.5,1.219784457840707
17.892,1.229495644569397,2.8954555988311768,0.49351292848587036,1.2205896377563477,2.865690231323242,0.5,2.0291192531585693,3.8145151138305664,-1.3576899766921997,2.7205896377563477,2.865690231323242,0.5,1.2182234226627247
17.964,1.2192484140396118,2.912281036376953,0.5233898162841797,1.2205896377563477,2.865690231323242,0.5,2.0291192531585693,3.8145151138305664,-1.3576899766921997,2.7205896377563477,2.865690231323242,0.5,1.2124013801434808
17.993,1.2192484140396118,2.912281036376953,0.5233898162841797,1.2205896377563477,2.865690231323242,0.5,2.0199294090270996,3.8146021366119385,-1.3362635374069214,2.7205896377563477,2.865690231323242,0.5,1.2063471406122817
18.063,1.2157667875289917,2.9131853580474854,0.5465745329856873,1.2205896377563477,2.865690231323242,0.5,2.0199294090270996,3.8146021366119385,-1.3362635374069214,2.7205896377563477,2.865690231323242,0.5,1.2079858155178087
18.094,1.2157667875289917,2.9131853580474854,0.5465745329856873,1.2205896377563477,2.865690231323242,0.5,2.018095016479492,3.8108937740325928,-1.3415861129760742,2.7205896377563477,2.865690231323242,0.5,1.2039979182296527
18.166,1.2101259231567383,2.90671706199646,0.541003406047821,1.2205896377563477,2.865690231323242,0.5,2.018095016479492,3.8108937740325928,-1.3415861129760742,2.7205896377563477,2.865690231323242,0.5,1.2125797220608898
18.193,1.2101259231567383,2.90671706199646,0.541003406047821,1.2205896377563477,2.865690231323242,0.5,2.0059547424316406,3.803359031677246,-1.3280620574951172,2.7205896377563477,2.865690231323242,0.5,1.1988787809372243
18.267,1.2021149396896362,2.8942184448242188,0.5336059331893921,1.2205896377563477,2.865690231323242,0.5,2.0059547424316406,3.803359031677246,-1.3280620574951172,2.7205896377563477,2.865690231323242,0.5,1.2135464701179643
18.303,1.2021149396896362,2.8942184448242188,0.5336059331893921,1.2205896377563477,2.865690231323242,0.5,2.009671449661255,3.805218458175659,-1.3382530212402344,2.7205896377563477,2.865690231323242,0.5,1.217402374370884
18.365,1.2141096591949463,2.888791799545288,0.5232954621315002,1.2205896377563477,2.865690231323242,0.5,2.009671449661255,3.805218458175659,-1.3382530212402344,2.7205896377563477,2.865690231323242,0.5,1.2135717461684683
18.415,1.2141096591949463,2.888791799545288,0.5232954621315002,1.2205896377563477,2.865690231323242,0.5,2.013195276260376,3.806431293487549,-1.3257668018341064,2.7205896377563477,2.865690231323242,0.5,1.2167991059511207
18.463,1.2230323553085327,2.876909017562866,0.5094016194343567,1.2205896377563477,2.865690231323242,0.5,2.013195276260376,3.806431293487549,-1.3257668018341064,2.7205896377563477,2.865690231323242,0.5,1.2199873372651664
18.492,1.2230323553085327,2.876909017562866,0.5094016194343567,1.2205896377563477,2.865690231323242,0.5,2.0105702877044678,3.802542209625244,-1.331734538078308,2.7205896377563477,2.865690231323242,0.5,1.2153241547875413
18.563,1.2296185493469238,2.858743906021118,0.48978400230407715,1.2205896377563477,2.865690231323242,0.5,2.0105702877044678,3.802542209625244,-1.331734538078308,2.7205896377563477,2.865690231323242,0.5,1.2250064716276792
18.594,1.2296185493469238,2.858743906021118,0.48978400230407715,1.2205896377563477,2.865690231323242,0.5,2.0187864303588867,3.805959463119507,-1.3254039287567139,2.7205896377563477,2.865690231323242,0.5,1.2328841210876724
18.665,1.2266790866851807,2.848033905029297,0.48598378896713257,1.2205896377563477,2.865690231323242,0.5,2.0187864303588867,3.805959463119507,-1.3254039287567139,2.7205896377563477,2.865690231323242,0.5,1.2430025819539776
18.691,1.2266790866851807,2.848033905029297,0.48598378896713257,1.2205896377563477,2.865690231323242,0.5,2.017634391784668,3.7952122688293457,-1.321300745010376,2.7205896377563477,2.865690231323242,0.5,1.2340004649577572
18.766,1.239052653312683,2.8594276905059814,0.47770068049430847,1.2205896377563477,2.865690231323242,0.5,2.017634391784668,3.7952122688293457,-1.321300745010376,2.7205896377563477,2.865690231323242,0.5,1.217325880982531
18.792,1.239052653312683,2.8594276905059814,0.47770068049430847,1.2205896377563477,2.865690231323242,0.5,2.018028736114502,3.8083367347717285,-1.327341914176941,2.7205896377563477,2.865690231323242,0.5,1.2276938184525488
18.864,1.2658960819244385,2.856516122817993,0.4266486167907715,1.2205896377563477,2.865690231323242,0.5,2.018028736114502,3.8083367347717285,-1.327341914176941,2.7205896377563477,2.865690231323242,0.5,1.2131224203842632
18.894,1.2658960819244385,2.856516122817993,0.4266486167907715,1.2205896377563477,2.865690231323242,0.5,2.0159356594085693,3.806608200073242,-1.3378918170928955,2.7205896377563477,2.865690231323242,0.5,1.2104686377828082
18.962,1.2786548137664795,2.8686444759368896,0.36235228180885315,1.2205896377563477,2.865690231323242,0.5,2.0159356594085693,3.806608200073242,-1.3378918170928955,2.7205896377563477,2.865690231323242,0.5,1.193046098500159
18.992,1.2786548137664795,2.8686444759368896,0.36235228180885315,1.2205896377563477,2.865690231323242,0.5,2.0193920135498047,3.812851667404175,-1.3474594354629517,2.7205896377563477,2.865690231323242,0.5,1.2000911713538185
19.062,1.299017071723938,2.887587547302246,0.2907000184059143,1.2205896377563477,2.865690231323242,0.5,2.0193920135498047,3.812851667404175,-1.3474594354629517,2.7205896377563477,2.865690231323242,0.5,1.1726268582795711
19.092,1.299017071723938,2.887587547302246,0.2907000184059143,1.2205896377563477,2.865690231323242,0.5,2.0255234241485596,3.807626724243164,-1.3612056970596313,2.7205896377563477,2.865690231323242,0.5,1.1722984121884028
19.162,1.3152942657470703,2.914053201675415,0.22353050112724304,1.2205896377563477,2.865690231323242,0.5,2.0255234241485596,3.807626724243164,-1.3612056970596313,2.7205896377563477,2.865690231323242,0.5,1.1414460555268582
19.191,1.3152942657470703,2.914053201675415,0.22353050112724304,1.2205896377563477,2.865690231323242,0.5,2.0278897285461426,3.813001871109009,-1.3433945178985596,2.7205896377563477,2.865690231323242,0.5,1.1471272832071655
19.263,1.3298373222351074,2.920039415359497,0.13283012807369232,1.2205896377563477,2.865690231323242,0.5,2.0278897285461426,3.813001871109009,-1.3433945178985596,2.7205896377563477,2.865690231323242,0.5,1.133428034475425
19.291,1.3298373222351074,2.920039415359497,0.13283012807369232,1.2205896377563477,2.865690231323242,0.5,2.0276010036468506,3.806405782699585,-1.3553556203842163,2.7205896377563477,2.865690231323242,0.5,1.1280600570222015
19.365,1.315053939819336,2.902971029281616,0.08615344017744064,1.2205896377563477,2.865690231323242,0.5,2.0276010036468506,3.806405782699585,-1.3553556203842163,2.7205896377563477,2.865690231323242,0.5,1.1506162139708436
19.393,1.315053939819336,2.902971029281616,0.08615344017744064,1.2205896377563477,2.865690231323242,0.5,2.023979425430298,3.8119332790374756,-1.342170000076294,2.7205896377563477,2.865690231323242,0.5,1.1527305477126784
19.463,1.2943549156188965,2.8635671138763428,0.04948827251791954,1.2205896377563477,2.865690231323242,0.5,2.023979425430298,3.8119332790374756,-1.342170000076294,2.7205896377563477,2.865690231323242,0.5,1.1965576912710731
19.492,1.2943549156188965,2.8635671138763428,0.04948827251791954,1.2205896377563477,2.865690231323242,0.5,2.0354561805725098,3.8211584091186523,-1.3610788583755493,2.7205896377563477,2.865690231323242,0.5,1.210872484467167
19.564,1.2611572742462158,2.838975191116333,0.02401820197701454,1.2205896377563477,2.865690231323242,0.5,2.0354561805725098,3.8211584091186523,-1.3610788583755493,2.7205896377563477,2.865690231323242,0.5,1.2506888782041226
19.592,1.2611572742462158,2.838975191116333,0.02401820197701454,1.2205896377563477,2.865690231323242,0.5,2.0334999561309814,3.8297524452209473,-1.3490917682647705,2.7205896377563477,2.865690231323242,0.5,1.2562455116385618
19.663,1.2382642030715942,2.810328245162964,-0.012240227311849594,1.2205896377563477,2.865690231323242,0.5,2.0334999561309814,3.8297524452209473,-1.3490917682647705,2.7205896377563477,2.865690231323242,0.5,1.2929136098780112
19.69,1.2382642030715942,2.810328245162964,-0.012240227311849594,1.2205896377563477,2.865690231323242,0.5,2.028088092803955,3.8230082988739014,-1.3603864908218384,2.7205896377563477,2.865690231323242,0.5,1.2842673662349067
19.764,1.209472417831421,2.7976346015930176,-0.03594052419066429,1.2205896377563477,2.865690231323242,0.5,2.028088092803955,3.8230082988739014,-1.3603864908218384,2.7205896377563477,2.865690231323242,0.5,1.3120681546269641
19.791,1.209472417831421,2.7976346015930176,-0.03594052419066429,1.2205896377563477,2.865690231323242,0.5,2.0240209102630615,3.833275318145752,-1.3491634130477905,2.7205896377563477,2.865690231323242,0.5,1.317589063518865
19.867,1.1870994567871094,2.779329299926758,-0.05401900038123131,1.2205896377563477,2.865690231323242,0.5,2.0240209102630615,3.833275318145752,-1.3491634130477905,2.7205896377563477,2.865690231323242,0.5,1.3458230673487406
19.894,1.1870994567871094,2.779329299926758,-0.05401900038123131,1.2205896377563477,2.865690231323242,0.5,2.0201570987701416,3.8200039863586426,-1.3509258031845093,2.7205896377563477,2.865690231323242,0.5,1.3330374480285359
19.963,1.1822208166122437,2.7814924716949463,-0.046294454485177994,1.2205896377563477,2.865690231323242,0.5,2.0201570987701416,3.8200039863586426,-1.3509258031845093,2.7205896377563477,2.865690231323242,0.5,1.3344075011201357
19.99,1.1822208166122437,2.7814924716949463,-0.046294454485177994,1.2205896377563477,2.865690231323242,0.5,2.0154144763946533,3.818516254425049,-1.3451435565948486,2.7205896377563477,2.865690231323242,0.5,1.3302744080262
20.063,1.1701542139053345,2.7914085388183594,-0.025239886716008186,1.2205896377563477,2.865690231323242,0.5,2.0154144763946533,3.818516254425049,-1.3451435565948486,2.7205896377563477,2.865690231323242,0.5,1.3301936591347534
20.094,1.1701542139053345,2.7914085388183594,-0.025239886716008186,1.2205896377563477,2.865690231323242,0.5,2.010409116744995,3.826596260070801,-1.3594510555267334,2.7205896377563477,2.865690231323242,0.5,1.3332823856850093
20.162,1.1627939939498901,2.7900326251983643,-0.012155719101428986,1.2205896377563477,2.865690231323242,0.5,2.010409116744995,3.826596260070801,-1.3594510555267334,2.7205896377563477,2.865690231323242,0.5,1.3389979706970876
20.202,1.1627939939498901,2.7900326251983643,-0.012155719101428986,1.2205896377563477,2.865690231323242,0.5,2.0191917419433594,3.82328200340271,-1.3468120098114014,2.7205896377563477,2.865690231323242,0.5,1.3420213784913981
20.261,1.1643855571746826,2.7963616847991943,0.007421369198709726,1.2205896377563477,2.865690231323242,0.5,2.0191917419433594,3.82328200340271,-1.3468120098114014,2.7205896377563477,2.865690231323242,0.5,1.3361358292776702
20.294,1.1643855571746826,2.7963616847991943,0.007421369198709726,1.2205896377563477,2.865690231323242,0.5,2.0123798847198486,3.8188982009887695,-1.3261486291885376,2.7205896377563477,2.865690231323242,0.5,1.328410819923525
20.362,1.1946289539337158,2.800483226776123,-0.028235241770744324,1.2205896377563477,2.865690231323242,0.5,2.0123798847198486,3.8188982009887695,-1.3261486291885376,2.7205896377563477,2.865690231323242,0.5,1.3060955724992456
20.39,1.1946289539337158,2.800483226776123,-0.028235241770744324,1.2205896377563477,2.865690231323242,0.5,2.016265392303467,3.8190813064575195,-1.353467345237732,2.7205896377563477,2.865690231323242,0.5,1.3086743234233482
20.462,1.2111189365386963,2.815901041030884,-0.08730610460042953,1.2205896377563477,2.865690231323242,0.5,2.016265392303467,3.8190813064575195,-1.353467345237732,2.7205896377563477,2.865690231323242,0.5,1.2863247879800914
20.5,1.2111189365386963,2.815901041030884,-0.08730610460042953,1.2205896377563477,2.865690231323242,0.5,2.0118815898895264,3.8211264610290527,-1.3448305130004883,2.7205896377563477,2.865690231323242,0.5,1.2851844116748214
20.562,1.222804307937622,2.839674711227417,-0.22651001811027527,1.2205896377563477,2.865690231323242,0.5,2.0118815898895264,3.8211264610290527,-1.3448305130004883,2.7205896377563477,2.865690231323242,0.5,1.2593214419207264
20.603,1.222804307937622,2.839674711227417,-0.22651001811027527,1.2205896377563477,2.865690231323242,0.5,2.0157041549682617,3.8135738372802734,-1.3467190265655518,2.7205896377563477,2.865690231323242,0.5,1.2558541615759886
20.663,1.227221131324768,2.8789772987365723,-0.3100247085094452,1.2205896377563477,2.865690231323242,0.5,2.0157041549682617,3.8135738372802734,-1.3467190265655518,2.7205896377563477,2.865690231323242,0.5,1.222773964570662
20.691,1.227221131324768,2.8789772987365723,-0.3100247085094452,1.2205896377563477,2.865690231323242,0.5,2.016190528869629,3.811274766921997,-1.3406401872634888,2.7205896377563477,2.865690231323242,0.5,1.2213317646926465
20.761,1.2217057943344116,2.907790184020996,-0.4397418797016144,1.2205896377563477,2.865690231323242,0.5,2.016190528869629,3.811274766921997,-1.3406401872634888,2.7205896377563477,2.865690231323242,0.5,1.2031169456662516
20.795,1.2217057943344116,2.907790184020996,-0.4397418797016144,1.2205896377563477,2.865690231323242,0.5,2.021078586578369,3.8057861328125,-1.3437293767929077,2.7205896377563477,2.865690231323242,0.5,1.2022452266596255
20.863,1.183457374572754,2.938183069229126,-0.6118602752685547,1.2205896377563477,2.865690231323242,0.5,2.021078586578369,3.8057861328125,-1.3437293767929077,2.7205896377563477,2.865690231323242,0.5,1.2059620104883122
20.9,1.183457374572754,2.938183069229126,-0.6118602752685547,1.2205896377563477,2.865690231323242,0.5,2.024700880050659,3.800734758377075,-1.3473743200302124,2.7205896377563477,2.865690231323242,0.5,1.2048593494515178
20.962,1.1204533576965332,2.955349922180176,-0.7638031840324402,1.2205896377563477,2.865690231323242,0.5,2.024700880050659,3.800734758377075,-1.3473743200302124,2.7205896377563477,2.865690231323242,0.5,1.237876852903888
21.003,1.1204533576965332,2.955349922180176,-0.7638031840324402,1.2205896377563477,2.865690231323242,0.5,2.0235774517059326,3.802375078201294,-1.3546849489212036,2.7205896377563477,2.865690231323242,0.5,1.2381779937120907
21.062,1.0611282587051392,2.973924398422241,-0.9155033826828003,1.2205896377563477,2.865690231323242,0.5,2.0235774517059326,3.802375078201294,-1.3546849489212036,2.7205896377563477,2.865690231323242,0.5,1.2698972312491483
21.098,1.0611282587051392,2.973924398422241,-0.9155033826828003,1.2205896377563477,2.865690231323242,0.5,2.0224053859710693,3.800204038619995,-1.3510130643844604,2.7205896377563477,2.865690231323242,0.5,1.2675928996369334
21.161,1.0174436569213867,3.000365734100342,-1.0543867349624634,1.2205896377563477,2.865690231323242,0.5,2.0224053859710693,3.800204038619995,-1.3510130643844604,2.7205896377563477,2.865690231323242,0.5,1.2844023474875004
21.193,1.0174436569213867,3.000365734100342,-1.0543867349624634,1.2205896377563477,2.865690231323242,0.5,2.0238113403320312,3.798161268234253,-1.3396878242492676,2.7205896377563477,2.865690231323242,0.5,1.2842327002912362
21.262,0.9820557236671448,3.0155889987945557,-1.2213103771209717,1.2205896377563477,2.865690231323242,0.5,2.0238113403320312,3.798161268234253,-1.3396878242492676,2.7205896377563477,2.865690231323242,0.5,1.3029482421603846
21.299,0.9820557236671448,3.0155889987945557,-1.2213103771209717,1.2205896377563477,2.865690231323242,0.5,2.029547929763794,3.796319007873535,-1.3451722860336304,2.7205896377563477,2.865690231323242,0.5,1.3064376253421701
21.361,0.9548637270927429,3.0303421020507812,-1.3627099990844727,1.2205896377563477,2.865690231323242,0.5,2.029547929763794,3.796319007873535,-1.3451722860336304,2.7205896377563477,2.865690231323242,0.5,1.3197222267297435
21.41,0.9548637270927429,3.0303421020507812,-1.3627099990844727,1.2205896377563477,2.865690231323242,0.5,2.0277340412139893,3.8041679859161377,-1.3409708738327026,2.7205896377563477,2.865690231323242,0.5,1.3228216846811296
21.461,0.9274346828460693,3.0383219718933105,-1.4890011548995972,1.2205896377563477,2.865690231323242,0.5,2.0277340412139893,3.8041679859161377,-1.3409708738327026,2.7205896377563477,2.865690231323242,0.5,1.3405889732574667
21.49,0.9274346828460693,3.0383219718933105,-1.4890011548995972,1.2205896377563477,2.865690231323242,0.5,2.027247428894043,3.8070778846740723,-1.3384335041046143,2.7205896377563477,2.865690231323242,0.5,1.3418545859387918
21.561,0.918480634689331,3.06711745262146,-1.6193066835403442,1.2205896377563477,2.865690231323242,0.5,2.027247428894043,3.8070778846740723,-1.3384335041046143,2.7205896377563477,2.865690231323242,0.5,1.3330060933598475
21.589,0.918480634689331,3.06711745262146,-1.6193066835403442,1.2205896377563477,2.865690231323242,0.5,2.0209429264068604,3.806248664855957,-1.3257228136062622,2.7205896377563477,2.865690231323242,0.5,1.3273048080822671
21.662,0.8899024724960327,3.0758140087127686,-1.745499610900879,1.2205896377563477,2.865690231323242,0.5,2.0209429264068604,3.806248664855957,-1.3257228136062622,2.7205896377563477,2.865690231323242,0.5,1.3463978963433614
21.693,0.8899024724960327,3.0758140087127686,-1.745499610900879,1.2205896377563477,2.865690231323242,0.5,2.0228734016418457,3.8038487434387207,-1.3265495300292969,2.7205896377563477,2.865690231323242,0.5,1.3467210926012165
21.762,0.8524947166442871,3.10015869140625,-1.8865705728530884,1.2205896377563477,2.865690231323242,0.5,2.0228734016418457,3.8038487434387207,-1.3265495300292969,2.7205896377563477,2.865690231323242,0.5,1.365637563786994
21.798,0.8524947166442871,3.10015869140625,-1.8865705728530884,1.2205896377563477,2.865690231323242,0.5,2.0218873023986816,3.7922542095184326,-1.321260690689087,2.7205896377563477,2.865690231323242,0.5,1.3588507003377226
21.861,0.8014048337936401,3.1241719722747803,-2.0346341133117676,1.2205896377563477,2.865690231323242,0.5,2.0218873023986816,3.7922542095184326,-1.321260690689087,2.7205896377563477,2.865690231323242,0.5,1.3913703072484838
